1949, Rented accommodation, 18.5
1949, Owned accommodation, 8.1
1949, Rented accommodation, 18.5
1949, Owned accommodation, 8.1
1949, Rented accommodation, 18.5
1949, Owned accommodation, 8.1
1949, Rented accommodation, 18.7
1949, Owned accommodation, 8.1
1949, Rented accommodation, 18.7
1949, Owned accommodation, 8.1
1949, Rented accommodation, 18.7
1949, Owned accommodation, 8.1
1949, Rented accommodation, 18.8
1949, Owned accommodation, 8.1
1949, Rented accommodation, 18.8
1949, Owned accommodation, 8.1
1949, Rented accommodation, 19.0
1949, Owned accommodation, 8.1
1949, Rented accommodation, 19.0
1949, Owned accommodation, 8.1
1949, Rented accommodation, 19.0
1949, Owned accommodation, 8.1
1949, Rented accommodation, 19.1
1949, Owned accommodation, 8.1
1950, Rented accommodation, 19.1
1950, Owned accommodation, 8.2
1950, Rented accommodation, 19.1
1950, Owned accommodation, 8.2
1950, Rented accommodation, 20.3
1950, Owned accommodation, 8.2
1950, Rented accommodation, 20.3
1950, Owned accommodation, 8.2
1950, Rented accommodation, 20.3
1950, Owned accommodation, 8.2
1950, Rented accommodation, 20.3
1950, Owned accommodation, 8.4
1950, Rented accommodation, 20.6
1950, Owned accommodation, 8.4
1950, Rented accommodation, 20.6
1950, Owned accommodation, 8.5
1950, Rented accommodation, 20.8
1950, Owned accommodation, 8.5
1950, Rented accommodation, 20.8
1950, Owned accommodation, 8.6
1950, Rented accommodation, 20.9
1950, Owned accommodation, 8.6
1950, Rented accommodation, 20.9
1950, Owned accommodation, 8.6
1951, Rented accommodation, 20.9
1951, Owned accommodation, 8.7
1951, Rented accommodation, 20.9
1951, Owned accommodation, 8.7
1951, Rented accommodation, 21.0
1951, Owned accommodation, 8.9
1951, Rented accommodation, 21.0
1951, Owned accommodation, 8.9
1951, Rented accommodation, 21.0
1951, Owned accommodation, 9.0
1951, Rented accommodation, 21.5
1951, Owned accommodation, 9.4
1951, Rented accommodation, 21.5
1951, Owned accommodation, 9.4
1951, Rented accommodation, 21.5
1951, Owned accommodation, 9.5
1951, Rented accommodation, 21.9
1951, Owned accommodation, 9.5
1951, Rented accommodation, 21.9
1951, Owned accommodation, 9.5
1951, Rented accommodation, 22.2
1951, Owned accommodation, 9.5
1951, Rented accommodation, 22.2
1951, Owned accommodation, 9.5
1952, Rented accommodation, 22.2
1952, Owned accommodation, 9.5
1952, Rented accommodation, 22.2
1952, Owned accommodation, 9.5
1952, Rented accommodation, 22.5
1952, Owned accommodation, 9.5
1952, Rented accommodation, 22.5
1952, Owned accommodation, 9.6
1952, Rented accommodation, 22.5
1952, Owned accommodation, 9.6
1952, Rented accommodation, 22.8
1952, Owned accommodation, 9.6
1952, Rented accommodation, 22.8
1952, Owned accommodation, 9.6
1952, Rented accommodation, 22.8
1952, Owned accommodation, 9.7
1952, Rented accommodation, 22.9
1952, Owned accommodation, 9.7
1952, Rented accommodation, 22.9
1952, Owned accommodation, 9.8
1952, Rented accommodation, 22.9
1952, Owned accommodation, 9.7
1952, Rented accommodation, 23.1
1952, Owned accommodation, 9.8
1953, Rented accommodation, 23.2
1953, Owned accommodation, 9.8
1953, Rented accommodation, 23.3
1953, Owned accommodation, 9.8
1953, Rented accommodation, 23.3
1953, Owned accommodation, 9.8
1953, Rented accommodation, 23.3
1953, Owned accommodation, 9.8
1953, Rented accommodation, 23.3
1953, Owned accommodation, 9.8
1953, Rented accommodation, 23.5
1953, Owned accommodation, 9.8
1953, Rented accommodation, 23.6
1953, Owned accommodation, 9.8
1953, Rented accommodation, 23.7
1953, Owned accommodation, 9.8
1953, Rented accommodation, 23.7
1953, Owned accommodation, 9.8
1953, Rented accommodation, 23.8
1953, Owned accommodation, 9.8
1953, Rented accommodation, 23.9
1953, Owned accommodation, 9.8
1953, Rented accommodation, 24.0
1953, Owned accommodation, 9.8
1954, Rented accommodation, 24.0
1954, Owned accommodation, 9.8
1954, Rented accommodation, 24.1
1954, Owned accommodation, 9.8
1954, Rented accommodation, 24.1
1954, Owned accommodation, 9.8
1954, Rented accommodation, 24.2
1954, Owned accommodation, 9.8
1954, Rented accommodation, 24.2
1954, Owned accommodation, 9.8
1954, Rented accommodation, 24.3
1954, Owned accommodation, 9.8
1954, Rented accommodation, 24.4
1954, Owned accommodation, 9.8
1954, Rented accommodation, 24.6
1954, Owned accommodation, 9.8
1954, Rented accommodation, 24.6
1954, Owned accommodation, 9.8
1954, Rented accommodation, 24.6
1954, Owned accommodation, 9.8
1954, Rented accommodation, 24.7
1954, Owned accommodation, 9.8
1954, Rented accommodation, 24.8
1954, Owned accommodation, 9.9
1955, Rented accommodation, 24.8
1955, Owned accommodation, 9.9
1955, Rented accommodation, 24.8
1955, Owned accommodation, 10.0
1955, Rented accommodation, 24.8
1955, Owned accommodation, 10.0
1955, Rented accommodation, 24.9
1955, Owned accommodation, 10.0
1955, Rented accommodation, 24.9
1955, Owned accommodation, 10.0
1955, Rented accommodation, 25.0
1955, Owned accommodation, 10.0
1955, Rented accommodation, 25.1
1955, Owned accommodation, 10.0
1955, Rented accommodation, 25.1
1955, Owned accommodation, 10.0
1955, Rented accommodation, 25.1
1955, Owned accommodation, 10.0
1955, Rented accommodation, 25.2
1955, Owned accommodation, 10.0
1955, Rented accommodation, 25.2
1955, Owned accommodation, 10.1
1955, Rented accommodation, 25.3
1955, Owned accommodation, 10.2
1956, Rented accommodation, 25.3
1956, Owned accommodation, 10.2
1956, Rented accommodation, 25.3
1956, Owned accommodation, 10.2
1956, Rented accommodation, 25.3
1956, Owned accommodation, 10.2
1956, Rented accommodation, 25.4
1956, Owned accommodation, 10.3
1956, Rented accommodation, 25.4
1956, Owned accommodation, 10.3
1956, Rented accommodation, 25.5
1956, Owned accommodation, 10.3
1956, Rented accommodation, 25.5
1956, Owned accommodation, 10.3
1956, Rented accommodation, 25.6
1956, Owned accommodation, 10.3
1956, Rented accommodation, 25.6
1956, Owned accommodation, 10.4
1956, Rented accommodation, 25.6
1956, Owned accommodation, 10.4
1956, Rented accommodation, 25.6
1956, Owned accommodation, 10.4
1956, Rented accommodation, 25.7
1956, Owned accommodation, 10.4
1957, Rented accommodation, 25.7
1957, Owned accommodation, 10.4
1957, Rented accommodation, 25.7
1957, Owned accommodation, 10.4
1957, Rented accommodation, 25.7
1957, Owned accommodation, 10.4
1957, Rented accommodation, 25.7
1957, Owned accommodation, 10.4
1957, Rented accommodation, 25.8
1957, Owned accommodation, 10.4
1957, Rented accommodation, 25.9
1957, Owned accommodation, 10.5
1957, Rented accommodation, 26.0
1957, Owned accommodation, 10.6
1957, Rented accommodation, 26.1
1957, Owned accommodation, 10.6
1957, Rented accommodation, 26.1
1957, Owned accommodation, 10.6
1957, Rented accommodation, 26.1
1957, Owned accommodation, 10.6
1957, Rented accommodation, 26.1
1957, Owned accommodation, 10.6
1957, Rented accommodation, 26.1
1957, Owned accommodation, 10.7
1958, Rented accommodation, 26.1
1958, Owned accommodation, 10.7
1958, Rented accommodation, 26.2
1958, Owned accommodation, 10.8
1958, Rented accommodation, 26.2
1958, Owned accommodation, 10.8
1958, Rented accommodation, 26.2
1958, Owned accommodation, 10.9
1958, Rented accommodation, 26.3
1958, Owned accommodation, 10.9
1958, Rented accommodation, 26.4
1958, Owned accommodation, 10.9
1958, Rented accommodation, 26.4
1958, Owned accommodation, 10.9
1958, Rented accommodation, 26.4
1958, Owned accommodation, 11.1
1958, Rented accommodation, 26.5
1958, Owned accommodation, 11.1
1958, Rented accommodation, 26.5
1958, Owned accommodation, 11.1
1958, Rented accommodation, 26.6
1958, Owned accommodation, 11.1
1958, Rented accommodation, 26.6
1958, Owned accommodation, 11.1
1959, Rented accommodation, 26.6
1959, Owned accommodation, 11.1
1959, Rented accommodation, 26.6
1959, Owned accommodation, 11.1
1959, Rented accommodation, 26.6
1959, Owned accommodation, 11.1
1959, Rented accommodation, 26.7
1959, Owned accommodation, 11.1
1959, Rented accommodation, 26.7
1959, Owned accommodation, 11.3
1959, Rented accommodation, 26.7
1959, Owned accommodation, 11.3
1959, Rented accommodation, 26.7
1959, Owned accommodation, 11.3
1959, Rented accommodation, 26.8
1959, Owned accommodation, 11.4
1959, Rented accommodation, 26.8
1959, Owned accommodation, 11.4
1959, Rented accommodation, 26.8
1959, Owned accommodation, 11.4
1959, Rented accommodation, 26.8
1959, Owned accommodation, 11.5
1959, Rented accommodation, 26.8
1959, Owned accommodation, 11.5
1960, Rented accommodation, 26.8
1960, Owned accommodation, 11.5
1960, Rented accommodation, 26.8
1960, Owned accommodation, 11.5
1960, Rented accommodation, 26.8
1960, Owned accommodation, 11.5
1960, Rented accommodation, 26.8
1960, Owned accommodation, 11.7
1960, Rented accommodation, 26.8
1960, Owned accommodation, 11.7
1960, Rented accommodation, 26.8
1960, Owned accommodation, 11.7
1960, Rented accommodation, 26.8
1960, Owned accommodation, 11.7
1960, Rented accommodation, 26.8
1960, Owned accommodation, 11.7
1960, Rented accommodation, 26.8
1960, Owned accommodation, 11.7
1960, Rented accommodation, 26.8
1960, Owned accommodation, 11.7
1960, Rented accommodation, 26.8
1960, Owned accommodation, 11.8
1960, Rented accommodation, 26.8
1960, Owned accommodation, 11.8
1961, Rented accommodation, 26.8
1961, Owned accommodation, 11.8
1961, Rented accommodation, 26.8
1961, Owned accommodation, 11.8
1961, Rented accommodation, 26.8
1961, Owned accommodation, 11.8
1961, Rented accommodation, 26.8
1961, Owned accommodation, 11.9
1961, Rented accommodation, 26.8
1961, Owned accommodation, 11.9
1961, Rented accommodation, 26.8
1961, Owned accommodation, 11.9
1961, Rented accommodation, 26.9
1961, Owned accommodation, 11.9
1961, Rented accommodation, 26.8
1961, Owned accommodation, 11.9
1961, Rented accommodation, 26.8
1961, Owned accommodation, 12.0
1961, Rented accommodation, 26.9
1961, Owned accommodation, 12.0
1961, Rented accommodation, 26.9
1961, Owned accommodation, 12.0
1961, Rented accommodation, 26.9
1961, Owned accommodation, 12.0
1962, Rented accommodation, 26.9
1962, Owned accommodation, 12.0
1962, Rented accommodation, 26.9
1962, Owned accommodation, 12.0
1962, Rented accommodation, 26.9
1962, Owned accommodation, 12.0
1962, Rented accommodation, 26.9
1962, Owned accommodation, 12.1
1962, Rented accommodation, 26.9
1962, Owned accommodation, 12.3
1962, Rented accommodation, 27.0
1962, Owned accommodation, 12.3
1962, Rented accommodation, 27.1
1962, Owned accommodation, 12.3
1962, Rented accommodation, 27.1
1962, Owned accommodation, 12.4
1962, Rented accommodation, 27.1
1962, Owned accommodation, 12.4
1962, Rented accommodation, 27.1
1962, Owned accommodation, 12.4
1962, Rented accommodation, 27.1
1962, Owned accommodation, 12.4
1962, Rented accommodation, 27.1
1962, Owned accommodation, 12.4
1963, Rented accommodation, 27.1
1963, Owned accommodation, 12.5
1963, Rented accommodation, 27.1
1963, Owned accommodation, 12.5
1963, Rented accommodation, 27.1
1963, Owned accommodation, 12.5
1963, Rented accommodation, 27.1
1963, Owned accommodation, 12.5
1963, Rented accommodation, 27.1
1963, Owned accommodation, 12.5
1963, Rented accommodation, 27.1
1963, Owned accommodation, 12.5
1963, Rented accommodation, 27.1
1963, Owned accommodation, 12.5
1963, Rented accommodation, 27.1
1963, Owned accommodation, 12.6
1963, Rented accommodation, 27.1
1963, Owned accommodation, 12.7
1963, Rented accommodation, 27.1
1963, Owned accommodation, 12.8
1963, Rented accommodation, 27.1
1963, Owned accommodation, 12.8
1963, Rented accommodation, 27.1
1963, Owned accommodation, 12.8
1964, Rented accommodation, 27.1
1964, Owned accommodation, 12.8
1964, Rented accommodation, 27.1
1964, Owned accommodation, 12.9
1964, Rented accommodation, 27.1
1964, Owned accommodation, 13.0
1964, Rented accommodation, 27.1
1964, Owned accommodation, 13.0
1964, Rented accommodation, 27.1
1964, Owned accommodation, 13.1
1964, Rented accommodation, 27.3
1964, Owned accommodation, 13.1
1964, Rented accommodation, 27.3
1964, Owned accommodation, 13.2
1964, Rented accommodation, 27.3
1964, Owned accommodation, 13.2
1964, Rented accommodation, 27.4
1964, Owned accommodation, 13.2
1964, Rented accommodation, 27.4
1964, Owned accommodation, 13.3
1964, Rented accommodation, 27.4
1964, Owned accommodation, 13.4
1964, Rented accommodation, 27.4
1964, Owned accommodation, 13.4
1965, Rented accommodation, 27.4
1965, Owned accommodation, 13.4
1965, Rented accommodation, 27.4
1965, Owned accommodation, 13.6
1965, Rented accommodation, 27.4
1965, Owned accommodation, 13.6
1965, Rented accommodation, 27.4
1965, Owned accommodation, 13.6
1965, Rented accommodation, 27.4
1965, Owned accommodation, 13.7
1965, Rented accommodation, 27.4
1965, Owned accommodation, 13.7
1965, Rented accommodation, 27.4
1965, Owned accommodation, 13.7
1965, Rented accommodation, 27.4
1965, Owned accommodation, 13.8
1965, Rented accommodation, 27.4
1965, Owned accommodation, 13.8
1965, Rented accommodation, 27.4
1965, Owned accommodation, 13.8
1965, Rented accommodation, 27.4
1965, Owned accommodation, 13.8
1965, Rented accommodation, 27.5
1965, Owned accommodation, 13.9
1966, Rented accommodation, 27.6
1966, Owned accommodation, 14.0
1966, Rented accommodation, 27.6
1966, Owned accommodation, 14.1
1966, Rented accommodation, 27.6
1966, Owned accommodation, 14.1
1966, Rented accommodation, 27.7
1966, Owned accommodation, 14.1
1966, Rented accommodation, 27.8
1966, Owned accommodation, 14.2
1966, Rented accommodation, 27.9
1966, Owned accommodation, 14.2
1966, Rented accommodation, 27.9
1966, Owned accommodation, 14.2
1966, Rented accommodation, 28.0
1966, Owned accommodation, 14.3
1966, Rented accommodation, 28.1
1966, Owned accommodation, 14.3
1966, Rented accommodation, 28.1
1966, Owned accommodation, 14.4
1966, Rented accommodation, 28.1
1966, Owned accommodation, 14.5
1966, Rented accommodation, 28.2
1966, Owned accommodation, 14.6
1967, Rented accommodation, 28.3
1967, Owned accommodation, 14.7
1967, Rented accommodation, 28.3
1967, Owned accommodation, 14.7
1967, Rented accommodation, 28.4
1967, Owned accommodation, 14.8
1967, Rented accommodation, 28.5
1967, Owned accommodation, 15.0
1967, Rented accommodation, 28.5
1967, Owned accommodation, 15.1
1967, Rented accommodation, 28.8
1967, Owned accommodation, 15.1
1967, Rented accommodation, 28.9
1967, Owned accommodation, 15.1
1967, Rented accommodation, 29.0
1967, Owned accommodation, 15.2
1967, Rented accommodation, 29.2
1967, Owned accommodation, 15.3
1967, Rented accommodation, 29.2
1967, Owned accommodation, 15.3
1967, Rented accommodation, 29.3
1967, Owned accommodation, 15.3
1967, Rented accommodation, 29.4
1967, Owned accommodation, 15.3
1968, Rented accommodation, 29.5
1968, Owned accommodation, 15.6
1968, Rented accommodation, 29.5
1968, Owned accommodation, 15.7
1968, Rented accommodation, 29.6
1968, Owned accommodation, 15.9
1968, Rented accommodation, 29.7
1968, Owned accommodation, 16.0
1968, Rented accommodation, 29.8
1968, Owned accommodation, 16.2
1968, Rented accommodation, 30.1
1968, Owned accommodation, 16.2
1968, Rented accommodation, 30.2
1968, Owned accommodation, 16.2
1968, Rented accommodation, 30.3
1968, Owned accommodation, 16.2
1968, Rented accommodation, 30.4
1968, Owned accommodation, 16.4
1968, Rented accommodation, 30.6
1968, Owned accommodation, 16.6
1968, Rented accommodation, 30.6
1968, Owned accommodation, 16.6
1968, Rented accommodation, 30.6
1968, Owned accommodation, 16.6
1969, Rented accommodation, 30.8
1969, Owned accommodation, 16.9
1969, Rented accommodation, 30.8
1969, Owned accommodation, 17.0
1969, Rented accommodation, 30.9
1969, Owned accommodation, 17.2
1969, Rented accommodation, 30.9
1969, Owned accommodation, 17.5
1969, Rented accommodation, 31.0
1969, Owned accommodation, 17.7
1969, Rented accommodation, 31.3
1969, Owned accommodation, 17.7
1969, Rented accommodation, 31.4
1969, Owned accommodation, 17.7
1969, Rented accommodation, 31.6
1969, Owned accommodation, 17.7
1969, Rented accommodation, 31.6
1969, Owned accommodation, 17.8
1969, Rented accommodation, 31.7
1969, Owned accommodation, 18.0
1969, Rented accommodation, 31.9
1969, Owned accommodation, 18.0
1969, Rented accommodation, 31.9
1969, Owned accommodation, 18.3
1970, Rented accommodation, 31.9
1970, Owned accommodation, 18.5
1970, Rented accommodation, 32.0
1970, Owned accommodation, 18.6
1970, Rented accommodation, 32.1
1970, Owned accommodation, 18.7
1970, Rented accommodation, 32.1
1970, Owned accommodation, 18.9
1970, Rented accommodation, 32.3
1970, Owned accommodation, 19.0
1970, Rented accommodation, 32.4
1970, Owned accommodation, 19.0
1970, Rented accommodation, 32.5
1970, Owned accommodation, 19.2
1970, Rented accommodation, 32.5
1970, Owned accommodation, 19.3
1970, Rented accommodation, 32.6
1970, Owned accommodation, 19.3
1970, Rented accommodation, 32.6
1970, Owned accommodation, 19.7
1970, Rented accommodation, 32.6
1970, Owned accommodation, 19.8
1970, Rented accommodation, 32.7
1970, Owned accommodation, 19.9
1971, Rented accommodation, 32.7
1971, Owned accommodation, 20.1
1971, Rented accommodation, 32.8
1971, Owned accommodation, 20.3
1971, Rented accommodation, 32.9
1971, Owned accommodation, 20.3
1971, Rented accommodation, 32.9
1971, Owned accommodation, 20.5
1971, Rented accommodation, 32.9
1971, Owned accommodation, 20.5
1971, Rented accommodation, 32.9
1971, Owned accommodation, 20.5
1971, Rented accommodation, 32.9
1971, Owned accommodation, 20.7
1971, Rented accommodation, 33.0
1971, Owned accommodation, 20.8
1971, Rented accommodation, 33.0
1971, Owned accommodation, 20.8
1971, Rented accommodation, 33.1
1971, Owned accommodation, 21.2
1971, Rented accommodation, 33.2
1971, Owned accommodation, 21.5
1971, Rented accommodation, 33.2
1971, Owned accommodation, 21.5
1972, Rented accommodation, 33.2
1972, Owned accommodation, 21.6
1972, Rented accommodation, 33.2
1972, Owned accommodation, 21.7
1972, Rented accommodation, 33.2
1972, Owned accommodation, 21.8
1972, Rented accommodation, 33.2
1972, Owned accommodation, 21.9
1972, Rented accommodation, 33.3
1972, Owned accommodation, 22.2
1972, Rented accommodation, 33.3
1972, Owned accommodation, 22.2
1972, Rented accommodation, 33.5
1972, Owned accommodation, 22.4
1972, Rented accommodation, 33.5
1972, Owned accommodation, 22.5
1972, Rented accommodation, 33.5
1972, Owned accommodation, 22.6
1972, Rented accommodation, 33.6
1972, Owned accommodation, 23.0
1972, Rented accommodation, 33.6
1972, Owned accommodation, 23.1
1972, Rented accommodation, 33.7
1972, Owned accommodation, 23.4
1973, Rented accommodation, 33.7
1973, Owned accommodation, 23.6
1973, Rented accommodation, 33.8
1973, Owned accommodation, 23.9
1973, Rented accommodation, 33.8
1973, Owned accommodation, 24.0
1973, Rented accommodation, 33.9
1973, Owned accommodation, 24.2
1973, Rented accommodation, 33.9
1973, Owned accommodation, 24.4
1973, Rented accommodation, 33.9
1973, Owned accommodation, 24.5
1973, Rented accommodation, 34.0
1973, Owned accommodation, 24.7
1973, Rented accommodation, 34.1
1973, Owned accommodation, 24.8
1973, Rented accommodation, 34.1
1973, Owned accommodation, 25.0
1973, Rented accommodation, 34.2
1973, Owned accommodation, 25.2
1973, Rented accommodation, 34.3
1973, Owned accommodation, 25.3
1973, Rented accommodation, 34.3
1973, Owned accommodation, 25.5
1974, Rented accommodation, 34.3
1974, Owned accommodation, 25.6
1974, Rented accommodation, 34.5
1974, Owned accommodation, 25.8
1974, Rented accommodation, 34.5
1974, Owned accommodation, 26.0
1974, Rented accommodation, 34.5
1974, Owned accommodation, 26.3
1974, Rented accommodation, 34.6
1974, Owned accommodation, 26.6
1974, Rented accommodation, 35.0
1974, Owned accommodation, 26.9
1974, Rented accommodation, 35.1
1974, Owned accommodation, 27.0
1974, Rented accommodation, 35.2
1974, Owned accommodation, 27.4
1974, Rented accommodation, 35.3
1974, Owned accommodation, 27.5
1974, Rented accommodation, 35.5
1974, Owned accommodation, 28.0
1974, Rented accommodation, 35.7
1974, Owned accommodation, 28.2
1974, Rented accommodation, 35.8
1974, Owned accommodation, 28.4
1975, Rented accommodation, 35.8
1975, Owned accommodation, 28.2
1975, Rented accommodation, 35.9
1975, Owned accommodation, 28.5
1975, Rented accommodation, 36.1
1975, Owned accommodation, 28.6
1975, Rented accommodation, 36.2
1975, Owned accommodation, 28.7
1975, Rented accommodation, 36.4
1975, Owned accommodation, 28.9
1975, Rented accommodation, 36.7
1975, Owned accommodation, 29.3
1975, Rented accommodation, 36.9
1975, Owned accommodation, 29.5
1975, Rented accommodation, 37.2
1975, Owned accommodation, 30.1
1975, Rented accommodation, 37.4
1975, Owned accommodation, 30.3
1975, Rented accommodation, 37.7
1975, Owned accommodation, 31.3
1975, Rented accommodation, 38.1
1975, Owned accommodation, 31.6
1975, Rented accommodation, 38.2
1975, Owned accommodation, 31.9
1976, Rented accommodation, 38.4
1976, Owned accommodation, 32.1
1976, Rented accommodation, 38.7
1976, Owned accommodation, 32.4
1976, Rented accommodation, 38.8
1976, Owned accommodation, 32.7
1976, Rented accommodation, 38.8
1976, Owned accommodation, 32.9
1976, Rented accommodation, 39.0
1976, Owned accommodation, 33.2
1976, Rented accommodation, 39.2
1976, Owned accommodation, 33.5
1976, Rented accommodation, 39.5
1976, Owned accommodation, 33.7
1976, Rented accommodation, 39.8
1976, Owned accommodation, 34.1
1976, Rented accommodation, 40.2
1976, Owned accommodation, 34.3
1976, Rented accommodation, 40.4
1976, Owned accommodation, 35.5
1976, Rented accommodation, 40.6
1976, Owned accommodation, 35.8
1976, Rented accommodation, 40.8
1976, Owned accommodation, 36.0
1977, Rented accommodation, 40.9
1977, Owned accommodation, 36.2
1977, Rented accommodation, 41.2
1977, Owned accommodation, 36.4
1977, Rented accommodation, 41.3
1977, Owned accommodation, 36.5
1977, Rented accommodation, 41.5
1977, Owned accommodation, 36.6
1977, Rented accommodation, 41.6
1977, Owned accommodation, 36.8
1977, Rented accommodation, 41.8
1977, Owned accommodation, 37.3
1977, Rented accommodation, 41.9
1977, Owned accommodation, 37.4
1977, Rented accommodation, 42.5
1977, Owned accommodation, 37.7
1977, Rented accommodation, 42.7
1977, Owned accommodation, 37.9
1977, Rented accommodation, 42.9
1977, Owned accommodation, 38.9
1977, Rented accommodation, 43.1
1977, Owned accommodation, 39.1
1977, Rented accommodation, 43.2
1977, Owned accommodation, 39.3
1978, Rented accommodation, 43.3
1978, Owned accommodation, 39.4
1978, Rented accommodation, 43.6
1978, Owned accommodation, 39.6
1978, Rented accommodation, 43.6
1978, Owned accommodation, 39.9
1978, Rented accommodation, 43.8
1978, Owned accommodation, 39.9
1978, Rented accommodation, 43.8
1978, Owned accommodation, 40.1
1978, Rented accommodation, 44.0
1978, Owned accommodation, 40.4
1978, Rented accommodation, 44.2
1978, Owned accommodation, 40.6
1978, Rented accommodation, 44.7
1978, Owned accommodation, 40.9
1978, Rented accommodation, 44.8
1978, Owned accommodation, 41.1
1978, Rented accommodation, 45.0
1978, Owned accommodation, 41.8
1978, Rented accommodation, 45.2
1978, Owned accommodation, 41.9
1978, Rented accommodation, 45.3
1978, Owned accommodation, 42.1
1979, Rented accommodation, 45.4
1979, Owned accommodation, 42.2
1979, Rented accommodation, 45.7
1979, Owned accommodation, 42.3
1979, Rented accommodation, 45.7
1979, Owned accommodation, 42.5
1979, Rented accommodation, 45.9
1979, Owned accommodation, 42.6
1979, Rented accommodation, 45.9
1979, Owned accommodation, 42.7
1979, Rented accommodation, 46.1
1979, Owned accommodation, 43.0
1979, Rented accommodation, 46.2
1979, Owned accommodation, 43.1
1979, Rented accommodation, 46.8
1979, Owned accommodation, 43.2
1979, Rented accommodation, 46.9
1979, Owned accommodation, 43.4
1979, Rented accommodation, 47.1
1979, Owned accommodation, 44.0
1979, Rented accommodation, 47.2
1979, Owned accommodation, 44.2
1979, Rented accommodation, 47.4
1979, Owned accommodation, 44.4
1980, Rented accommodation, 47.4
1980, Owned accommodation, 44.5
1980, Rented accommodation, 47.7
1980, Owned accommodation, 44.9
1980, Rented accommodation, 47.8
1980, Owned accommodation, 45.1
1980, Rented accommodation, 48.0
1980, Owned accommodation, 45.5
1980, Rented accommodation, 48.0
1980, Owned accommodation, 45.9
1980, Rented accommodation, 48.1
1980, Owned accommodation, 46.3
1980, Rented accommodation, 48.5
1980, Owned accommodation, 46.6
1980, Rented accommodation, 49.2
1980, Owned accommodation, 46.9
1980, Rented accommodation, 49.4
1980, Owned accommodation, 47.2
1980, Rented accommodation, 49.6
1980, Owned accommodation, 47.4
1980, Rented accommodation, 49.9
1980, Owned accommodation, 47.9
1980, Rented accommodation, 50.0
1980, Owned accommodation, 48.2
1981, Rented accommodation, 50.2
1981, Owned accommodation, 48.7
1981, Rented accommodation, 50.5
1981, Owned accommodation, 49.2
1981, Rented accommodation, 50.6
1981, Owned accommodation, 49.5
1981, Rented accommodation, 50.9
1981, Owned accommodation, 50.3
1981, Rented accommodation, 51.1
1981, Owned accommodation, 51.0
1981, Rented accommodation, 51.3
1981, Owned accommodation, 51.9
1981, Rented accommodation, 51.6
1981, Owned accommodation, 52.5
1981, Rented accommodation, 52.6
1981, Owned accommodation, 53.1
1981, Rented accommodation, 53.0
1981, Owned accommodation, 53.7
1981, Rented accommodation, 53.3
1981, Owned accommodation, 55.3
1981, Rented accommodation, 53.7
1981, Owned accommodation, 55.7
1981, Rented accommodation, 53.8
1981, Owned accommodation, 56.4
1982, Rented accommodation, 54.1
1982, Owned accommodation, 57.0
1982, Rented accommodation, 54.5
1982, Owned accommodation, 57.4
1982, Rented accommodation, 54.8
1982, Owned accommodation, 57.8
1982, Rented accommodation, 55.1
1982, Owned accommodation, 58.2
1982, Rented accommodation, 55.4
1982, Owned accommodation, 58.6
1982, Rented accommodation, 55.8
1982, Owned accommodation, 58.9
1982, Rented accommodation, 56.1
1982, Owned accommodation, 59.4
1982, Rented accommodation, 57.6
1982, Owned accommodation, 59.7
1982, Rented accommodation, 58.1
1982, Owned accommodation, 60.2
1982, Rented accommodation, 58.5
1982, Owned accommodation, 61.7
1982, Rented accommodation, 59.0
1982, Owned accommodation, 61.9
1982, Rented accommodation, 59.1
1982, Owned accommodation, 62.2
1983, Rented accommodation, 59.3
1983, Owned accommodation, 62.3
1983, Rented accommodation, 59.6
1983, Owned accommodation, 62.4
1983, Rented accommodation, 59.8
1983, Owned accommodation, 62.6
1983, Rented accommodation, 60.0
1983, Owned accommodation, 62.6
1983, Rented accommodation, 60.0
1983, Owned accommodation, 62.7
1983, Rented accommodation, 60.3
1983, Owned accommodation, 63.0
1983, Rented accommodation, 60.5
1983, Owned accommodation, 63.1
1983, Rented accommodation, 61.5
1983, Owned accommodation, 63.5
1983, Rented accommodation, 61.7
1983, Owned accommodation, 63.6
1983, Rented accommodation, 62.0
1983, Owned accommodation, 64.3
1983, Rented accommodation, 62.2
1983, Owned accommodation, 64.4
1983, Rented accommodation, 62.5
1983, Owned accommodation, 64.6
1984, Rented accommodation, 62.6
1984, Owned accommodation, 64.6
1984, Rented accommodation, 62.9
1984, Owned accommodation, 64.6
1984, Rented accommodation, 62.9
1984, Owned accommodation, 64.7
1984, Rented accommodation, 63.1
1984, Owned accommodation, 64.8
1984, Rented accommodation, 63.3
1984, Owned accommodation, 64.9
1984, Rented accommodation, 63.5
1984, Owned accommodation, 64.9
1984, Rented accommodation, 63.6
1984, Owned accommodation, 64.9
1984, Rented accommodation, 64.3
1984, Owned accommodation, 65.0
1984, Rented accommodation, 64.6
1984, Owned accommodation, 65.2
1984, Rented accommodation, 64.8
1984, Owned accommodation, 66.0
1984, Rented accommodation, 65.0
1984, Owned accommodation, 66.1
1984, Rented accommodation, 65.2
1984, Owned accommodation, 66.1
1985, Rented accommodation, 65.4
1985, Owned accommodation, 66.2
1985, Rented accommodation, 65.5
1985, Owned accommodation, 66.3
1985, Rented accommodation, 65.7
1985, Owned accommodation, 66.4
1985, Rented accommodation, 65.8
1985, Owned accommodation, 66.6
1985, Rented accommodation, 66.1
1985, Owned accommodation, 66.7
1985, Rented accommodation, 66.2
1985, Owned accommodation, 66.9
1985, Rented accommodation, 66.4
1985, Owned accommodation, 66.9
1985, Rented accommodation, 67.1
1985, Owned accommodation, 66.9
1985, Rented accommodation, 67.3
1985, Owned accommodation, 67.1
1985, Rented accommodation, 67.4
1985, Owned accommodation, 67.6
1985, Rented accommodation, 67.8
1985, Owned accommodation, 67.7
1985, Rented accommodation, 68.0
1985, Owned accommodation, 67.9
1986, Rented accommodation, 68.1
1986, Owned accommodation, 67.9
1986, Rented accommodation, 68.3
1986, Owned accommodation, 68.2
1986, Rented accommodation, 68.5
1986, Owned accommodation, 68.6
1986, Rented accommodation, 68.5
1986, Owned accommodation, 68.8
1986, Rented accommodation, 68.7
1986, Owned accommodation, 69.0
1986, Rented accommodation, 68.8
1986, Owned accommodation, 69.1
1986, Rented accommodation, 69.2
1986, Owned accommodation, 69.2
1986, Rented accommodation, 69.7
1986, Owned accommodation, 69.3
1986, Rented accommodation, 69.9
1986, Owned accommodation, 69.6
1986, Rented accommodation, 70.1
1986, Owned accommodation, 71.0
1986, Rented accommodation, 70.3
1986, Owned accommodation, 71.3
1986, Rented accommodation, 70.6
1986, Owned accommodation, 71.6
1987, Rented accommodation, 70.6
1987, Owned accommodation, 71.8
1987, Rented accommodation, 70.8
1987, Owned accommodation, 72.1
1987, Rented accommodation, 70.9
1987, Owned accommodation, 72.5
1987, Rented accommodation, 71.2
1987, Owned accommodation, 73.2
1987, Rented accommodation, 71.2
1987, Owned accommodation, 73.3
1987, Rented accommodation, 71.3
1987, Owned accommodation, 73.6
1987, Rented accommodation, 71.6
1987, Owned accommodation, 73.8
1987, Rented accommodation, 72.2
1987, Owned accommodation, 74.1
1987, Rented accommodation, 72.4
1987, Owned accommodation, 74.3
1987, Rented accommodation, 72.6
1987, Owned accommodation, 75.5
1987, Rented accommodation, 72.8
1987, Owned accommodation, 75.7
1987, Rented accommodation, 73.0
1987, Owned accommodation, 76.0
1988, Rented accommodation, 73.2
1988, Owned accommodation, 76.2
1988, Rented accommodation, 73.3
1988, Owned accommodation, 76.0
1988, Rented accommodation, 73.5
1988, Owned accommodation, 76.6
1988, Rented accommodation, 73.7
1988, Owned accommodation, 76.8
1988, Rented accommodation, 73.8
1988, Owned accommodation, 77.1
1988, Rented accommodation, 74.0
1988, Owned accommodation, 77.4
1988, Rented accommodation, 74.2
1988, Owned accommodation, 77.8
1988, Rented accommodation, 75.1
1988, Owned accommodation, 78.0
1988, Rented accommodation, 75.5
1988, Owned accommodation, 78.4
1988, Rented accommodation, 75.8
1988, Owned accommodation, 79.8
1988, Rented accommodation, 76.0
1988, Owned accommodation, 80.1
1988, Rented accommodation, 76.4
1988, Owned accommodation, 80.4
1989, Rented accommodation, 76.6
1989, Owned accommodation, 80.8
1989, Rented accommodation, 77.0
1989, Owned accommodation, 81.2
1989, Rented accommodation, 77.1
1989, Owned accommodation, 82.0
1989, Rented accommodation, 77.6
1989, Owned accommodation, 82.9
1989, Rented accommodation, 77.7
1989, Owned accommodation, 83.2
1989, Rented accommodation, 78.1
1989, Owned accommodation, 83.5
1989, Rented accommodation, 78.4
1989, Owned accommodation, 84.1
1989, Rented accommodation, 79.0
1989, Owned accommodation, 84.5
1989, Rented accommodation, 79.3
1989, Owned accommodation, 84.5
1989, Rented accommodation, 79.5
1989, Owned accommodation, 86.1
1989, Rented accommodation, 79.7
1989, Owned accommodation, 86.3
1989, Rented accommodation, 79.8
1989, Owned accommodation, 86.7
1990, Rented accommodation, 80.1
1990, Owned accommodation, 87.4
1990, Rented accommodation, 80.3
1990, Owned accommodation, 87.9
1990, Rented accommodation, 80.5
1990, Owned accommodation, 88.3
1990, Rented accommodation, 80.8
1990, Owned accommodation, 88.6
1990, Rented accommodation, 80.9
1990, Owned accommodation, 89.0
1990, Rented accommodation, 81.1
1990, Owned accommodation, 89.2
1990, Rented accommodation, 81.4
1990, Owned accommodation, 89.2
1990, Rented accommodation, 81.9
1990, Owned accommodation, 89.4
1990, Rented accommodation, 82.2
1990, Owned accommodation, 89.6
1990, Rented accommodation, 82.5
1990, Owned accommodation, 91.2
1990, Rented accommodation, 82.8
1990, Owned accommodation, 91.2
1990, Rented accommodation, 82.9
1990, Owned accommodation, 91.1
1991, Rented accommodation, 83.1
1991, Owned accommodation, 91.8
1991, Rented accommodation, 83.4
1991, Owned accommodation, 92.0
1991, Rented accommodation, 83.5
1991, Owned accommodation, 91.5
1991, Rented accommodation, 83.6
1991, Owned accommodation, 91.9
1991, Rented accommodation, 83.9
1991, Owned accommodation, 91.9
1991, Rented accommodation, 84.0
1991, Owned accommodation, 92.3
1991, Rented accommodation, 84.2
1991, Owned accommodation, 92.5
1991, Rented accommodation, 84.7
1991, Owned accommodation, 92.6
1991, Rented accommodation, 84.9
1991, Owned accommodation, 92.5
1991, Rented accommodation, 85.2
1991, Owned accommodation, 93.6
1991, Rented accommodation, 85.4
1991, Owned accommodation, 93.5
1991, Rented accommodation, 85.4
1991, Owned accommodation, 93.3
1992, Rented accommodation, 85.6
1992, Owned accommodation, 93.1
1992, Rented accommodation, 85.8
1992, Owned accommodation, 93.0
1992, Rented accommodation, 86.0
1992, Owned accommodation, 92.8
1992, Rented accommodation, 86.1
1992, Owned accommodation, 92.5
1992, Rented accommodation, 86.2
1992, Owned accommodation, 92.8
1992, Rented accommodation, 86.4
1992, Owned accommodation, 92.5
1992, Rented accommodation, 86.5
1992, Owned accommodation, 92.7
1992, Rented accommodation, 86.9
1992, Owned accommodation, 92.6
1992, Rented accommodation, 87.1
1992, Owned accommodation, 92.3
1992, Rented accommodation, 87.3
1992, Owned accommodation, 93.5
1992, Rented accommodation, 87.4
1992, Owned accommodation, 93.5
1992, Rented accommodation, 87.6
1992, Owned accommodation, 93.7
1993, Rented accommodation, 87.7
1993, Owned accommodation, 93.6
1993, Rented accommodation, 87.8
1993, Owned accommodation, 93.3
1993, Rented accommodation, 87.9
1993, Owned accommodation, 93.4
1993, Rented accommodation, 88.0
1993, Owned accommodation, 93.3
1993, Rented accommodation, 88.1
1993, Owned accommodation, 93.0
1993, Rented accommodation, 88.2
1993, Owned accommodation, 93.0
1993, Rented accommodation, 88.4
1993, Owned accommodation, 92.8
1993, Rented accommodation, 88.7
1993, Owned accommodation, 92.8
1993, Rented accommodation, 88.8
1993, Owned accommodation, 92.8
1993, Rented accommodation, 89.0
1993, Owned accommodation, 93.6
1993, Rented accommodation, 89.2
1993, Owned accommodation, 93.2
1993, Rented accommodation, 89.3
1993, Owned accommodation, 93.1
1994, Rented accommodation, 89.3
1994, Owned accommodation, 92.7
1994, Rented accommodation, 89.4
1994, Owned accommodation, 92.5
1994, Rented accommodation, 89.5
1994, Owned accommodation, 92.3
1994, Rented accommodation, 89.5
1994, Owned accommodation, 91.6
1994, Rented accommodation, 89.7
1994, Owned accommodation, 91.8
1994, Rented accommodation, 89.8
1994, Owned accommodation, 92.0
1994, Rented accommodation, 89.9
1994, Owned accommodation, 92.0
1994, Rented accommodation, 90.0
1994, Owned accommodation, 92.3
1994, Rented accommodation, 90.2
1994, Owned accommodation, 92.5
1994, Rented accommodation, 90.2
1994, Owned accommodation, 92.7
1994, Rented accommodation, 90.5
1994, Owned accommodation, 92.6
1994, Rented accommodation, 90.6
1994, Owned accommodation, 92.8
1995, Rented accommodation, 90.6
1995, Owned accommodation, 93.2
1995, Rented accommodation, 90.7
1995, Owned accommodation, 93.3
1995, Rented accommodation, 90.8
1995, Owned accommodation, 93.6
1995, Rented accommodation, 90.9
1995, Owned accommodation, 93.6
1995, Rented accommodation, 91.1
1995, Owned accommodation, 94.0
1995, Rented accommodation, 91.2
1995, Owned accommodation, 93.9
1995, Rented accommodation, 91.2
1995, Owned accommodation, 93.8
1995, Rented accommodation, 91.3
1995, Owned accommodation, 93.8
1995, Rented accommodation, 91.5
1995, Owned accommodation, 93.8
1995, Rented accommodation, 91.5
1995, Owned accommodation, 93.8
1995, Rented accommodation, 91.6
1995, Owned accommodation, 93.8
1995, Rented accommodation, 91.7
1995, Owned accommodation, 93.7
1996, Rented accommodation, 91.8
1996, Owned accommodation, 93.6
1996, Rented accommodation, 91.9
1996, Owned accommodation, 93.5
1996, Rented accommodation, 91.9
1996, Owned accommodation, 93.3
1996, Rented accommodation, 92.0
1996, Owned accommodation, 93.3
1996, Rented accommodation, 92.2
1996, Owned accommodation, 93.3
1996, Rented accommodation, 92.3
1996, Owned accommodation, 93.0
1996, Rented accommodation, 92.4
1996, Owned accommodation, 93.0
1996, Rented accommodation, 92.5
1996, Owned accommodation, 92.7
1996, Rented accommodation, 92.7
1996, Owned accommodation, 92.8
1996, Rented accommodation, 92.7
1996, Owned accommodation, 92.8
1996, Rented accommodation, 92.8
1996, Owned accommodation, 92.5
1996, Rented accommodation, 92.9
1996, Owned accommodation, 92.5
1997, Rented accommodation, 93.0
1997, Owned accommodation, 92.5
1997, Rented accommodation, 93.0
1997, Owned accommodation, 92.3
1997, Rented accommodation, 93.1
1997, Owned accommodation, 92.4
1997, Rented accommodation, 93.3
1997, Owned accommodation, 92.5
1997, Rented accommodation, 93.3
1997, Owned accommodation, 92.3
1997, Rented accommodation, 93.4
1997, Owned accommodation, 92.3
1997, Rented accommodation, 93.5
1997, Owned accommodation, 92.1
1997, Rented accommodation, 93.6
1997, Owned accommodation, 91.9
1997, Rented accommodation, 93.7
1997, Owned accommodation, 91.7
1997, Rented accommodation, 93.8
1997, Owned accommodation, 91.8
1997, Rented accommodation, 93.8
1997, Owned accommodation, 91.5
1997, Rented accommodation, 93.9
1997, Owned accommodation, 91.6
1998, Rented accommodation, 94.0
1998, Owned accommodation, 91.7
1998, Rented accommodation, 94.1
1998, Owned accommodation, 91.7
1998, Rented accommodation, 94.1
1998, Owned accommodation, 91.9
1998, Rented accommodation, 94.3
1998, Owned accommodation, 92.2
1998, Rented accommodation, 94.3
1998, Owned accommodation, 92.0
1998, Rented accommodation, 94.4
1998, Owned accommodation, 91.9
1998, Rented accommodation, 94.5
1998, Owned accommodation, 92.1
1998, Rented accommodation, 94.6
1998, Owned accommodation, 92.0
1998, Rented accommodation, 94.7
1998, Owned accommodation, 92.3
1998, Rented accommodation, 94.8
1998, Owned accommodation, 92.8
1998, Rented accommodation, 94.9
1998, Owned accommodation, 92.7
1998, Rented accommodation, 94.9
1998, Owned accommodation, 92.7
1999, Rented accommodation, 95.0
1999, Owned accommodation, 92.8
1999, Rented accommodation, 95.1
1999, Owned accommodation, 92.7
1999, Rented accommodation, 95.2
1999, Owned accommodation, 92.7
1999, Rented accommodation, 95.3
1999, Owned accommodation, 93.2
1999, Rented accommodation, 95.3
1999, Owned accommodation, 92.9
1999, Rented accommodation, 95.4
1999, Owned accommodation, 93.0
1999, Rented accommodation, 95.4
1999, Owned accommodation, 93.1
1999, Rented accommodation, 95.5
1999, Owned accommodation, 93.1
1999, Rented accommodation, 95.7
1999, Owned accommodation, 93.7
1999, Rented accommodation, 95.7
1999, Owned accommodation, 93.5
1999, Rented accommodation, 95.8
1999, Owned accommodation, 93.7
1999, Rented accommodation, 95.9
1999, Owned accommodation, 93.8
2000, Rented accommodation, 95.9
2000, Owned accommodation, 94.0
2000, Rented accommodation, 96.0
2000, Owned accommodation, 94.3
2000, Rented accommodation, 96.1
2000, Owned accommodation, 94.7
2000, Rented accommodation, 96.3
2000, Owned accommodation, 95.1
2000, Rented accommodation, 96.3
2000, Owned accommodation, 95.3
2000, Rented accommodation, 96.4
2000, Owned accommodation, 95.5
2000, Rented accommodation, 96.5
2000, Owned accommodation, 95.8
2000, Rented accommodation, 96.7
2000, Owned accommodation, 96.0
2000, Rented accommodation, 96.7
2000, Owned accommodation, 96.2
2000, Rented accommodation, 96.9
2000, Owned accommodation, 96.7
2000, Rented accommodation, 97.0
2000, Owned accommodation, 96.8
2000, Rented accommodation, 97.1
2000, Owned accommodation, 97.2
2001, Rented accommodation, 97.2
2001, Owned accommodation, 97.3
2001, Rented accommodation, 97.4
2001, Owned accommodation, 97.5
2001, Rented accommodation, 97.5
2001, Owned accommodation, 97.8
2001, Rented accommodation, 97.6
2001, Owned accommodation, 98.0
2001, Rented accommodation, 97.8
2001, Owned accommodation, 98.3
2001, Rented accommodation, 97.9
2001, Owned accommodation, 98.3
2001, Rented accommodation, 98.1
2001, Owned accommodation, 98.4
2001, Rented accommodation, 98.3
2001, Owned accommodation, 98.6
2001, Rented accommodation, 98.4
2001, Owned accommodation, 98.6
2001, Rented accommodation, 98.7
2001, Owned accommodation, 99.2
2001, Rented accommodation, 98.8
2001, Owned accommodation, 99.1
2001, Rented accommodation, 98.9
2001, Owned accommodation, 99.0
2002, Rented accommodation, 99.1
2002, Owned accommodation, 99.0
2002, Rented accommodation, 99.2
2002, Owned accommodation, 99.0
2002, Rented accommodation, 99.3
2002, Owned accommodation, 99.2
2002, Rented accommodation, 99.6
2002, Owned accommodation, 99.5
2002, Rented accommodation, 99.8
2002, Owned accommodation, 99.8
2002, Rented accommodation, 99.9
2002, Owned accommodation, 100.0
2002, Rented accommodation, 100.0
2002, Owned accommodation, 100.1
2002, Rented accommodation, 100.3
2002, Owned accommodation, 100.1
2002, Rented accommodation, 100.5
2002, Owned accommodation, 100.1
2002, Rented accommodation, 100.6
2002, Owned accommodation, 100.7
2002, Rented accommodation, 100.7
2002, Owned accommodation, 101.0
2002, Rented accommodation, 100.9
2002, Owned accommodation, 101.5
2003, Rented accommodation, 101.0
2003, Owned accommodation, 101.6
2003, Rented accommodation, 101.1
2003, Owned accommodation, 101.9
2003, Rented accommodation, 101.1
2003, Owned accommodation, 102.2
2003, Rented accommodation, 101.2
2003, Owned accommodation, 102.5
2003, Rented accommodation, 101.3
2003, Owned accommodation, 102.8
2003, Rented accommodation, 101.4
2003, Owned accommodation, 103.0
2003, Rented accommodation, 101.5
2003, Owned accommodation, 103.0
2003, Rented accommodation, 101.7
2003, Owned accommodation, 103.1
2003, Rented accommodation, 101.8
2003, Owned accommodation, 103.3
2003, Rented accommodation, 101.9
2003, Owned accommodation, 104.1
2003, Rented accommodation, 102.0
2003, Owned accommodation, 104.2
2003, Rented accommodation, 102.1
2003, Owned accommodation, 104.4
2004, Rented accommodation, 102.2
2004, Owned accommodation, 104.5
2004, Rented accommodation, 102.2
2004, Owned accommodation, 104.7
2004, Rented accommodation, 102.3
2004, Owned accommodation, 104.8
2004, Rented accommodation, 102.4
2004, Owned accommodation, 105.1
2004, Rented accommodation, 102.4
2004, Owned accommodation, 105.3
2004, Rented accommodation, 102.5
2004, Owned accommodation, 105.5
2004, Rented accommodation, 102.5
2004, Owned accommodation, 105.9
2004, Rented accommodation, 102.7
2004, Owned accommodation, 106.0
2004, Rented accommodation, 102.8
2004, Owned accommodation, 106.3
2004, Rented accommodation, 102.8
2004, Owned accommodation, 107.3
2004, Rented accommodation, 102.9
2004, Owned accommodation, 107.6
2004, Rented accommodation, 103.0
2004, Owned accommodation, 107.9
2005, Rented accommodation, 103.0
2005, Owned accommodation, 107.9
2005, Rented accommodation, 103.1
2005, Owned accommodation, 107.9
2005, Rented accommodation, 103.1
2005, Owned accommodation, 108.2
2005, Rented accommodation, 103.2
2005, Owned accommodation, 108.5
2005, Rented accommodation, 103.3
2005, Owned accommodation, 108.9
2005, Rented accommodation, 103.3
2005, Owned accommodation, 109.1
2005, Rented accommodation, 103.4
2005, Owned accommodation, 109.3
2005, Rented accommodation, 103.6
2005, Owned accommodation, 109.3
2005, Rented accommodation, 103.6
2005, Owned accommodation, 109.4
2005, Rented accommodation, 103.7
2005, Owned accommodation, 110.3
2005, Rented accommodation, 103.7
2005, Owned accommodation, 110.5
2005, Rented accommodation, 103.8
2005, Owned accommodation, 110.8
2006, Rented accommodation, 103.8
2006, Owned accommodation, 111.1
2006, Rented accommodation, 103.9
2006, Owned accommodation, 111.5
2006, Rented accommodation, 104.0
2006, Owned accommodation, 111.9
2006, Rented accommodation, 104.1
2006, Owned accommodation, 112.4
2006, Rented accommodation, 104.2
2006, Owned accommodation, 112.9
2006, Rented accommodation, 104.3
2006, Owned accommodation, 113.2
2006, Rented accommodation, 104.4
2006, Owned accommodation, 113.7
2006, Rented accommodation, 104.6
2006, Owned accommodation, 114.2
2006, Rented accommodation, 104.7
2006, Owned accommodation, 114.8
2006, Rented accommodation, 104.8
2006, Owned accommodation, 116.0
2006, Rented accommodation, 104.9
2006, Owned accommodation, 116.1
2006, Rented accommodation, 105.0
2006, Owned accommodation, 116.6
2007, Rented accommodation, 105.1
2007, Owned accommodation, 116.7
2007, Rented accommodation, 105.3
2007, Owned accommodation, 117.0
2007, Rented accommodation, 105.4
2007, Owned accommodation, 117.5
2007, Rented accommodation, 105.6
2007, Owned accommodation, 117.9
2007, Rented accommodation, 105.7
2007, Owned accommodation, 118.2
2007, Rented accommodation, 105.9
2007, Owned accommodation, 118.7
2007, Rented accommodation, 106.0
2007, Owned accommodation, 119.2
2007, Rented accommodation, 106.3
2007, Owned accommodation, 119.8
2007, Rented accommodation, 106.5
2007, Owned accommodation, 120.3
2007, Rented accommodation, 106.6
2007, Owned accommodation, 121.6
2007, Rented accommodation, 106.8
2007, Owned accommodation, 122.0
2007, Rented accommodation, 106.9
2007, Owned accommodation, 122.4
2008, Rented accommodation, 107.0
2008, Owned accommodation, 122.5
2008, Rented accommodation, 107.2
2008, Owned accommodation, 123.0
2008, Rented accommodation, 107.3
2008, Owned accommodation, 123.4
2008, Rented accommodation, 107.4
2008, Owned accommodation, 123.9
2008, Rented accommodation, 107.6
2008, Owned accommodation, 124.1
2008, Rented accommodation, 107.7
2008, Owned accommodation, 124.4
2008, Rented accommodation, 107.9
2008, Owned accommodation, 124.7
2008, Rented accommodation, 108.1
2008, Owned accommodation, 124.8
2008, Rented accommodation, 108.2
2008, Owned accommodation, 125.1
2008, Rented accommodation, 108.4
2008, Owned accommodation, 126.2
2008, Rented accommodation, 108.6
2008, Owned accommodation, 126.4
2008, Rented accommodation, 108.7
2008, Owned accommodation, 126.6
2009, Rented accommodation, 108.8
2009, Owned accommodation, 126.8
2009, Rented accommodation, 108.9
2009, Owned accommodation, 126.7
2009, Rented accommodation, 109.0
2009, Owned accommodation, 126.4
2009, Rented accommodation, 109.1
2009, Owned accommodation, 126.2
2009, Rented accommodation, 109.2
2009, Owned accommodation, 125.9
2009, Rented accommodation, 109.3
2009, Owned accommodation, 125.8
2009, Rented accommodation, 109.4
2009, Owned accommodation, 125.7
2009, Rented accommodation, 109.7
2009, Owned accommodation, 125.4
2009, Rented accommodation, 109.8
2009, Owned accommodation, 125.2
2009, Rented accommodation, 110.0
2009, Owned accommodation, 126.0
2009, Rented accommodation, 110.1
2009, Owned accommodation, 125.6
2009, Rented accommodation, 110.2
2009, Owned accommodation, 125.6
2010, Rented accommodation, 110.2
2010, Owned accommodation, 125.6
2010, Rented accommodation, 110.3
2010, Owned accommodation, 125.6
2010, Rented accommodation, 110.4
2010, Owned accommodation, 125.8
2010, Rented accommodation, 110.5
2010, Owned accommodation, 126.1
2010, Rented accommodation, 110.5
2010, Owned accommodation, 126.3
2010, Rented accommodation, 110.6
2010, Owned accommodation, 126.5
2010, Rented accommodation, 110.8
2010, Owned accommodation, 127.3
2010, Rented accommodation, 111.0
2010, Owned accommodation, 126.9
2010, Rented accommodation, 111.1
2010, Owned accommodation, 126.9
2010, Rented accommodation, 111.3
2010, Owned accommodation, 128.1
2010, Rented accommodation, 111.4
2010, Owned accommodation, 128.0
2010, Rented accommodation, 111.5
2010, Owned accommodation, 128.0
2011, Rented accommodation, 111.5
2011, Owned accommodation, 128.1
2011, Rented accommodation, 111.6
2011, Owned accommodation, 128.1
2011, Rented accommodation, 111.7
2011, Owned accommodation, 128.0
2011, Rented accommodation, 111.8
2011, Owned accommodation, 128.0
2011, Rented accommodation, 111.9
2011, Owned accommodation, 128.4
2011, Rented accommodation, 111.9
2011, Owned accommodation, 128.5
2011, Rented accommodation, 112.0
2011, Owned accommodation, 128.8
2011, Rented accommodation, 112.2
2011, Owned accommodation, 128.8
2011, Rented accommodation, 112.3
2011, Owned accommodation, 128.7
2011, Rented accommodation, 112.4
2011, Owned accommodation, 129.2
2011, Rented accommodation, 112.5
2011, Owned accommodation, 129.3
2011, Rented accommodation, 112.6
2011, Owned accommodation, 129.5
2012, Rented accommodation, 112.7
2012, Owned accommodation, 129.6
2012, Rented accommodation, 112.9
2012, Owned accommodation, 129.6
2012, Rented accommodation, 113.0
2012, Owned accommodation, 129.6
2012, Rented accommodation, 113.2
2012, Owned accommodation, 130.2
2012, Rented accommodation, 113.3
2012, Owned accommodation, 130.3
2012, Rented accommodation, 113.5
2012, Owned accommodation, 130.2
2012, Rented accommodation, 113.6
2012, Owned accommodation, 130.3
2012, Rented accommodation, 113.9
2012, Owned accommodation, 130.1
2012, Rented accommodation, 114.0
2012, Owned accommodation, 130.0
2012, Rented accommodation, 114.2
2012, Owned accommodation, 130.6
2012, Rented accommodation, 114.4
2012, Owned accommodation, 130.5
2012, Rented accommodation, 114.5
2012, Owned accommodation, 130.4
2013, Rented accommodation, 114.6
2013, Owned accommodation, 130.2
2013, Rented accommodation, 114.8
2013, Owned accommodation, 130.3
2013, Rented accommodation, 114.9
2013, Owned accommodation, 130.4
2013, Rented accommodation, 115.1
2013, Owned accommodation, 130.4
2013, Rented accommodation, 115.1
2013, Owned accommodation, 130.4
2013, Rented accommodation, 115.3
2013, Owned accommodation, 130.6
2013, Rented accommodation, 115.4
2013, Owned accommodation, 130.5
2013, Rented accommodation, 115.7
2013, Owned accommodation, 130.5
2013, Rented accommodation, 115.8
2013, Owned accommodation, 130.7
2013, Rented accommodation, 116.0
2013, Owned accommodation, 131.5
2013, Rented accommodation, 116.2
2013, Owned accommodation, 131.8
2013, Rented accommodation, 116.3
2013, Owned accommodation, 131.9
2014, Rented accommodation, 116.3
2014, Owned accommodation, 132.1
2014, Rented accommodation, 116.5
2014, Owned accommodation, 132.2
2014, Rented accommodation, 116.6
2014, Owned accommodation, 132.3
2014, Rented accommodation, 116.8
2014, Owned accommodation, 132.9
2014, Rented accommodation, 116.8
2014, Owned accommodation, 132.9
2014, Rented accommodation, 117.0
2014, Owned accommodation, 133.0
2014, Rented accommodation, 117.1
2014, Owned accommodation, 133.2
2014, Rented accommodation, 117.3
2014, Owned accommodation, 133.2
2014, Rented accommodation, 117.5
2014, Owned accommodation, 133.2
2014, Rented accommodation, 117.6
2014, Owned accommodation, 133.7
2014, Rented accommodation, 117.8
2014, Owned accommodation, 133.9
2014, Rented accommodation, 117.9
2014, Owned accommodation, 134.1
2015, Rented accommodation, 117.9
2015, Owned accommodation, 134.2
2015, Rented accommodation, 118.0
2015, Owned accommodation, 134.4
2015, Rented accommodation, 118.2
2015, Owned accommodation, 134.6
2015, Rented accommodation, 118.3
2015, Owned accommodation, 134.8
2015, Rented accommodation, 118.4
2015, Owned accommodation, 134.9
2015, Rented accommodation, 118.4
2015, Owned accommodation, 135.1
2015, Rented accommodation, 118.5
2015, Owned accommodation, 135.0
2015, Rented accommodation, 118.7
2015, Owned accommodation, 135.1
2015, Rented accommodation, 118.7
2015, Owned accommodation, 135.3
2015, Rented accommodation, 118.8
2015, Owned accommodation, 136.3
2015, Rented accommodation, 118.9
2015, Owned accommodation, 136.4
2015, Rented accommodation, 118.9
2015, Owned accommodation, 136.7
2016, Rented accommodation, 118.9
2016, Owned accommodation, 136.7
2016, Rented accommodation, 119.0
2016, Owned accommodation, 136.8
2016, Rented accommodation, 119.1
2016, Owned accommodation, 136.9
2016, Rented accommodation, 119.1
2016, Owned accommodation, 137.2
2016, Rented accommodation, 119.1
2016, Owned accommodation, 137.3
2016, Rented accommodation, 119.2
2016, Owned accommodation, 137.9
2016, Rented accommodation, 119.2
2016, Owned accommodation, 138.0
2016, Rented accommodation, 119.4
2016, Owned accommodation, 138.3
2016, Rented accommodation, 119.4
2016, Owned accommodation, 138.4
2016, Rented accommodation, 119.5
2016, Owned accommodation, 139.4
2016, Rented accommodation, 119.6
2016, Owned accommodation, 139.9
2016, Rented accommodation, 119.6
2016, Owned accommodation, 140.0
2017, Rented accommodation, 119.6
2017, Owned accommodation, 140.2
2017, Rented accommodation, 119.7
2017, Owned accommodation, 140.1
2017, Rented accommodation, 119.8
2017, Owned accommodation, 140.4
2017, Rented accommodation, 119.8
2017, Owned accommodation, 140.6
2017, Rented accommodation, 119.9
2017, Owned accommodation, 141.0
2017, Rented accommodation, 119.9
2017, Owned accommodation, 141.3
2017, Rented accommodation, 120.0
2017, Owned accommodation, 141.5
2017, Rented accommodation, 120.1
2017, Owned accommodation, 141.9
2017, Rented accommodation, 120.2
2017, Owned accommodation, 142.0
2017, Rented accommodation, 120.3
2017, Owned accommodation, 143.0
2017, Rented accommodation, 120.4
2017, Owned accommodation, 143.2
2017, Rented accommodation, 120.5
2017, Owned accommodation, 143.5
2018, Rented accommodation, 120.6
2018, Owned accommodation, 143.7
2018, Rented accommodation, 120.8
2018, Owned accommodation, 144.0
2018, Rented accommodation, 120.9
2018, Owned accommodation, 144.1
2018, Rented accommodation, 121.0
2018, Owned accommodation, 144.4
2018, Rented accommodation, 121.2
2018, Owned accommodation, 144.7
2018, Rented accommodation, 121.3
2018, Owned accommodation, 145.0
2018, Rented accommodation, 121.4
2018, Owned accommodation, 145.3
2018, Rented accommodation, 121.6
2018, Owned accommodation, 145.7
2018, Rented accommodation, 121.8
2018, Owned accommodation, 146.0
2018, Rented accommodation, 121.9
2018, Owned accommodation, 146.7
2018, Rented accommodation, 122.0
2018, Owned accommodation, 147.0
2018, Rented accommodation, 122.1
2018, Owned accommodation, 147.3
2019, Rented accommodation, 123.3
2019, Owned accommodation, 147.6
2019, Rented accommodation, 123.7
2019, Owned accommodation, 147.9
