1991,Halifax,83.1
1991,Toronto,81.4
1991,Calgary,78.0
1991,Vancouver,81.3
1991,Whitehorse,83.4
1991,Yellowknife,84.1
1991,Halifax,83.2
1991,Toronto,81.4
1991,Calgary,77.3
1991,Vancouver,81.5
1991,Whitehorse,83.7
1991,Yellowknife,84.1
1991,Halifax,83.5
1991,Toronto,81.7
1991,Calgary,77.8
1991,Vancouver,81.6
1991,Whitehorse,84.1
1991,Yellowknife,84.8
1991,Halifax,83.1
1991,Toronto,81.7
1991,Calgary,77.6
1991,Vancouver,81.6
1991,Whitehorse,84.3
1991,Yellowknife,84.8
1991,Halifax,83.2
1991,Toronto,82.3
1991,Calgary,78.2
1991,Vancouver,81.7
1991,Whitehorse,84.1
1991,Yellowknife,85.4
1991,Halifax,83.2
1991,Toronto,82.8
1991,Calgary,78.5
1991,Vancouver,82.0
1991,Whitehorse,84.1
1991,Yellowknife,85.0
1991,Halifax,83.2
1991,Toronto,82.9
1991,Calgary,79.0
1991,Vancouver,82.0
1991,Whitehorse,84.4
1991,Yellowknife,85.3
1991,Halifax,83.1
1991,Toronto,82.9
1991,Calgary,79.2
1991,Vancouver,82.0
1991,Whitehorse,84.4
1991,Yellowknife,85.6
1991,Halifax,83.3
1991,Toronto,82.5
1991,Calgary,79.1
1991,Vancouver,82.1
1991,Whitehorse,84.6
1991,Yellowknife,85.7
1991,Halifax,83.3
1991,Toronto,82.3
1991,Calgary,78.9
1991,Vancouver,82.1
1991,Whitehorse,84.5
1991,Yellowknife,85.5
1991,Halifax,83.8
1991,Toronto,82.6
1991,Calgary,79.0
1991,Vancouver,82.4
1991,Whitehorse,84.7
1991,Yellowknife,85.4
1991,Halifax,83.3
1991,Toronto,82.3
1991,Calgary,78.7
1991,Vancouver,82.0
1991,Whitehorse,84.5
1991,Yellowknife,85.2
1992,Halifax,83.3
1992,Toronto,82.3
1992,Calgary,78.8
1992,Vancouver,82.9
1992,Whitehorse,84.5
1992,Yellowknife,85.4
1992,Halifax,83.7
1992,Toronto,82.4
1992,Calgary,79.1
1992,Vancouver,83.1
1992,Whitehorse,84.7
1992,Yellowknife,85.7
1992,Halifax,84.2
1992,Toronto,82.8
1992,Calgary,79.3
1992,Vancouver,83.5
1992,Whitehorse,85.3
1992,Yellowknife,86.0
1992,Halifax,84.3
1992,Toronto,82.7
1992,Calgary,79.3
1992,Vancouver,83.9
1992,Whitehorse,84.8
1992,Yellowknife,85.7
1992,Halifax,84.1
1992,Toronto,82.9
1992,Calgary,79.3
1992,Vancouver,84.0
1992,Whitehorse,84.8
1992,Yellowknife,86.0
1992,Halifax,84.2
1992,Toronto,83.1
1992,Calgary,79.3
1992,Vancouver,84.0
1992,Whitehorse,84.8
1992,Yellowknife,85.8
1992,Halifax,84.2
1992,Toronto,83.3
1992,Calgary,79.6
1992,Vancouver,84.5
1992,Whitehorse,85.2
1992,Yellowknife,86.0
1992,Halifax,84.1
1992,Toronto,83.2
1992,Calgary,79.6
1992,Vancouver,84.6
1992,Whitehorse,85.3
1992,Yellowknife,86.1
1992,Halifax,83.9
1992,Toronto,82.9
1992,Calgary,79.6
1992,Vancouver,84.5
1992,Whitehorse,85.1
1992,Yellowknife,85.8
1992,Halifax,83.8
1992,Toronto,83.1
1992,Calgary,79.6
1992,Vancouver,84.9
1992,Whitehorse,85.0
1992,Yellowknife,86.3
1992,Halifax,84.4
1992,Toronto,83.5
1992,Calgary,80.2
1992,Vancouver,85.6
1992,Whitehorse,85.4
1992,Yellowknife,86.3
1992,Halifax,83.8
1992,Toronto,83.4
1992,Calgary,79.8
1992,Vancouver,85.6
1992,Whitehorse,85.3
1992,Yellowknife,86.2
1993,Halifax,83.8
1993,Toronto,83.6
1993,Calgary,80.3
1993,Vancouver,86.4
1993,Whitehorse,85.5
1993,Yellowknife,86.4
1993,Halifax,84.1
1993,Toronto,84.2
1993,Calgary,80.4
1993,Vancouver,86.7
1993,Whitehorse,85.6
1993,Yellowknife,87.0
1993,Halifax,84.2
1993,Toronto,84.2
1993,Calgary,79.3
1993,Vancouver,86.6
1993,Whitehorse,86.1
1993,Yellowknife,87.2
1993,Halifax,84.3
1993,Toronto,83.9
1993,Calgary,79.9
1993,Vancouver,86.7
1993,Whitehorse,85.9
1993,Yellowknife,87.2
1993,Halifax,84.5
1993,Toronto,83.9
1993,Calgary,80.2
1993,Vancouver,87.2
1993,Whitehorse,86.3
1993,Yellowknife,87.4
1993,Halifax,84.7
1993,Toronto,84.1
1993,Calgary,80.4
1993,Vancouver,87.0
1993,Whitehorse,86.3
1993,Yellowknife,87.2
1993,Halifax,84.8
1993,Toronto,84.4
1993,Calgary,80.8
1993,Vancouver,87.4
1993,Whitehorse,87.3
1993,Yellowknife,87.4
1993,Halifax,84.8
1993,Toronto,84.4
1993,Calgary,80.8
1993,Vancouver,87.8
1993,Whitehorse,87.7
1993,Yellowknife,87.5
1993,Halifax,84.8
1993,Toronto,84.5
1993,Calgary,81.2
1993,Vancouver,87.9
1993,Whitehorse,87.6
1993,Yellowknife,87.4
1993,Halifax,85.6
1993,Toronto,84.7
1993,Calgary,80.8
1993,Vancouver,87.9
1993,Whitehorse,87.7
1993,Yellowknife,87.8
1993,Halifax,86.1
1993,Toronto,84.8
1993,Calgary,81.2
1993,Vancouver,88.3
1993,Whitehorse,88.2
1993,Yellowknife,88.3
1993,Halifax,86.0
1993,Toronto,84.8
1993,Calgary,81.2
1993,Vancouver,88.2
1993,Whitehorse,88.3
1993,Yellowknife,88.1
1994,Halifax,86.1
1994,Toronto,84.7
1994,Calgary,81.2
1994,Vancouver,88.6
1994,Whitehorse,88.2
1994,Yellowknife,88.4
1994,Halifax,85.8
1994,Toronto,84.3
1994,Calgary,81.1
1994,Vancouver,88.8
1994,Whitehorse,87.9
1994,Yellowknife,88.4
1994,Halifax,85.8
1994,Toronto,84.1
1994,Calgary,80.9
1994,Vancouver,88.7
1994,Whitehorse,88.0
1994,Yellowknife,88.3
1994,Halifax,85.3
1994,Toronto,84.1
1994,Calgary,81.1
1994,Vancouver,88.4
1994,Whitehorse,88.1
1994,Yellowknife,88.4
1994,Halifax,85.3
1994,Toronto,83.9
1994,Calgary,81.2
1994,Vancouver,88.6
1994,Whitehorse,88.0
1994,Yellowknife,88.9
1994,Halifax,85.3
1994,Toronto,83.9
1994,Calgary,81.2
1994,Vancouver,88.9
1994,Whitehorse,88.3
1994,Yellowknife,89.0
1994,Halifax,85.8
1994,Toronto,84.4
1994,Calgary,81.8
1994,Vancouver,89.2
1994,Whitehorse,89.1
1994,Yellowknife,89.2
1994,Halifax,86.0
1994,Toronto,84.5
1994,Calgary,82.0
1994,Vancouver,89.4
1994,Whitehorse,89.2
1994,Yellowknife,89.3
1994,Halifax,85.8
1994,Toronto,84.5
1994,Calgary,82.3
1994,Vancouver,89.5
1994,Whitehorse,89.3
1994,Yellowknife,89.4
1994,Halifax,85.8
1994,Toronto,84.3
1994,Calgary,82.3
1994,Vancouver,89.5
1994,Whitehorse,89.2
1994,Yellowknife,89.3
1994,Halifax,86.1
1994,Toronto,84.8
1994,Calgary,82.5
1994,Vancouver,89.8
1994,Whitehorse,89.6
1994,Yellowknife,89.6
1994,Halifax,85.8
1994,Toronto,85.1
1994,Calgary,82.7
1994,Vancouver,89.9
1994,Whitehorse,89.6
1994,Yellowknife,90.1
1995,Halifax,86.0
1995,Toronto,85.7
1995,Calgary,82.8
1995,Vancouver,90.6
1995,Whitehorse,89.3
1995,Yellowknife,89.8
1995,Halifax,86.4
1995,Toronto,86.0
1995,Calgary,83.0
1995,Vancouver,90.8
1995,Whitehorse,89.2
1995,Yellowknife,90.1
1995,Halifax,86.7
1995,Toronto,86.1
1995,Calgary,83.1
1995,Vancouver,91.1
1995,Whitehorse,89.1
1995,Yellowknife,90.4
1995,Halifax,86.8
1995,Toronto,86.2
1995,Calgary,83.4
1995,Vancouver,91.0
1995,Whitehorse,89.3
1995,Yellowknife,90.9
1995,Halifax,87.3
1995,Toronto,86.6
1995,Calgary,83.5
1995,Vancouver,91.1
1995,Whitehorse,89.8
1995,Yellowknife,91.3
1995,Halifax,87.0
1995,Toronto,86.7
1995,Calgary,83.5
1995,Vancouver,91.3
1995,Whitehorse,89.6
1995,Yellowknife,91.5
1995,Halifax,87.4
1995,Toronto,86.7
1995,Calgary,83.9
1995,Vancouver,92.0
1995,Whitehorse,90.6
1995,Yellowknife,92.2
1995,Halifax,86.9
1995,Toronto,86.5
1995,Calgary,83.8
1995,Vancouver,91.7
1995,Whitehorse,90.3
1995,Yellowknife,92.3
1995,Halifax,87.0
1995,Toronto,86.8
1995,Calgary,83.9
1995,Vancouver,91.5
1995,Whitehorse,90.4
1995,Yellowknife,92.6
1995,Halifax,86.9
1995,Toronto,86.7
1995,Calgary,83.9
1995,Vancouver,91.5
1995,Whitehorse,90.0
1995,Yellowknife,92.2
1995,Halifax,87.0
1995,Toronto,86.8
1995,Calgary,84.2
1995,Vancouver,91.8
1995,Whitehorse,90.7
1995,Yellowknife,92.5
1995,Halifax,86.5
1995,Toronto,86.7
1995,Calgary,83.9
1995,Vancouver,91.6
1995,Whitehorse,90.2
1995,Yellowknife,92.3
1996,Halifax,87.0
1996,Toronto,86.9
1996,Calgary,84.2
1996,Vancouver,92.0
1996,Whitehorse,90.4
1996,Yellowknife,92.1
1996,Halifax,87.0
1996,Toronto,87.2
1996,Calgary,84.2
1996,Vancouver,92.1
1996,Whitehorse,90.4
1996,Yellowknife,92.1
1996,Halifax,87.4
1996,Toronto,87.5
1996,Calgary,84.8
1996,Vancouver,92.1
1996,Whitehorse,90.3
1996,Yellowknife,92.4
1996,Halifax,87.7
1996,Toronto,87.7
1996,Calgary,85.1
1996,Vancouver,92.1
1996,Whitehorse,90.4
1996,Yellowknife,92.4
1996,Halifax,88.7
1996,Toronto,87.8
1996,Calgary,85.3
1996,Vancouver,92.3
1996,Whitehorse,91.1
1996,Yellowknife,93.3
1996,Halifax,88.5
1996,Toronto,87.7
1996,Calgary,85.1
1996,Vancouver,92.1
1996,Whitehorse,91.4
1996,Yellowknife,92.7
1996,Halifax,88.2
1996,Toronto,87.7
1996,Calgary,85.7
1996,Vancouver,92.1
1996,Whitehorse,92.0
1996,Yellowknife,93.5
1996,Halifax,88.4
1996,Toronto,87.9
1996,Calgary,85.8
1996,Vancouver,91.8
1996,Whitehorse,92.1
1996,Yellowknife,93.5
1996,Halifax,88.6
1996,Toronto,88.2
1996,Calgary,86.0
1996,Vancouver,92.0
1996,Whitehorse,91.9
1996,Yellowknife,93.5
1996,Halifax,89.0
1996,Toronto,88.4
1996,Calgary,85.8
1996,Vancouver,92.0
1996,Whitehorse,91.8
1996,Yellowknife,93.4
1996,Halifax,89.3
1996,Toronto,88.8
1996,Calgary,86.0
1996,Vancouver,92.1
1996,Whitehorse,92.1
1996,Yellowknife,93.5
1996,Halifax,89.5
1996,Toronto,89.0
1996,Calgary,86.2
1996,Vancouver,92.1
1996,Whitehorse,92.2
1996,Yellowknife,93.2
1997,Halifax,89.4
1997,Toronto,89.0
1997,Calgary,86.6
1997,Vancouver,92.3
1997,Whitehorse,92.0
1997,Yellowknife,93.1
1997,Halifax,89.5
1997,Toronto,89.0
1997,Calgary,86.7
1997,Vancouver,92.6
1997,Whitehorse,92.1
1997,Yellowknife,92.6
1997,Halifax,89.9
1997,Toronto,89.3
1997,Calgary,87.0
1997,Vancouver,92.7
1997,Whitehorse,92.9
1997,Yellowknife,92.6
1997,Halifax,90.0
1997,Toronto,89.4
1997,Calgary,86.9
1997,Vancouver,92.5
1997,Whitehorse,92.8
1997,Yellowknife,92.8
1997,Halifax,90.0
1997,Toronto,89.3
1997,Calgary,87.0
1997,Vancouver,92.7
1997,Whitehorse,93.3
1997,Yellowknife,93.1
1997,Halifax,89.8
1997,Toronto,89.7
1997,Calgary,87.4
1997,Vancouver,92.8
1997,Whitehorse,94.0
1997,Yellowknife,93.4
1997,Halifax,90.0
1997,Toronto,89.6
1997,Calgary,87.4
1997,Vancouver,92.6
1997,Whitehorse,94.2
1997,Yellowknife,94.2
1997,Halifax,90.2
1997,Toronto,89.9
1997,Calgary,87.4
1997,Vancouver,92.7
1997,Whitehorse,94.1
1997,Yellowknife,93.8
1997,Halifax,90.2
1997,Toronto,89.7
1997,Calgary,87.5
1997,Vancouver,92.7
1997,Whitehorse,94.0
1997,Yellowknife,93.7
1997,Halifax,90.4
1997,Toronto,89.9
1997,Calgary,87.6
1997,Vancouver,92.5
1997,Whitehorse,94.0
1997,Yellowknife,93.1
1997,Halifax,90.2
1997,Toronto,89.6
1997,Calgary,87.5
1997,Vancouver,92.6
1997,Whitehorse,93.9
1997,Yellowknife,92.5
1997,Halifax,90.1
1997,Toronto,89.5
1997,Calgary,87.5
1997,Vancouver,92.3
1997,Whitehorse,93.8
1997,Yellowknife,92.5
1998,Halifax,90.7
1998,Toronto,89.9
1998,Calgary,87.8
1998,Vancouver,92.7
1998,Whitehorse,93.7
1998,Yellowknife,92.6
1998,Halifax,90.6
1998,Toronto,90.4
1998,Calgary,86.8
1998,Vancouver,92.6
1998,Whitehorse,93.7
1998,Yellowknife,92.3
1998,Halifax,90.7
1998,Toronto,90.4
1998,Calgary,87.7
1998,Vancouver,93.0
1998,Whitehorse,94.1
1998,Yellowknife,92.6
1998,Halifax,90.6
1998,Toronto,90.1
1998,Calgary,88.1
1998,Vancouver,92.9
1998,Whitehorse,94.0
1998,Yellowknife,92.7
1998,Halifax,90.7
1998,Toronto,90.4
1998,Calgary,88.4
1998,Vancouver,93.3
1998,Whitehorse,94.5
1998,Yellowknife,93.1
1998,Halifax,90.6
1998,Toronto,90.4
1998,Calgary,89.1
1998,Vancouver,93.4
1998,Whitehorse,94.6
1998,Yellowknife,93.3
1998,Halifax,90.7
1998,Toronto,90.4
1998,Calgary,89.1
1998,Vancouver,93.6
1998,Whitehorse,94.9
1998,Yellowknife,93.6
1998,Halifax,90.8
1998,Toronto,90.4
1998,Calgary,89.2
1998,Vancouver,93.3
1998,Whitehorse,94.8
1998,Yellowknife,93.4
1998,Halifax,90.0
1998,Toronto,90.5
1998,Calgary,89.1
1998,Vancouver,92.9
1998,Whitehorse,94.8
1998,Yellowknife,93.0
1998,Halifax,90.9
1998,Toronto,90.9
1998,Calgary,88.9
1998,Vancouver,93.1
1998,Whitehorse,94.5
1998,Yellowknife,93.4
1998,Halifax,90.9
1998,Toronto,90.8
1998,Calgary,88.5
1998,Vancouver,92.8
1998,Whitehorse,94.2
1998,Yellowknife,93.1
1998,Halifax,90.6
1998,Toronto,90.5
1998,Calgary,89.1
1998,Vancouver,92.8
1998,Whitehorse,94.0
1998,Yellowknife,93.0
1999,Halifax,90.5
1999,Toronto,90.8
1999,Calgary,89.4
1999,Vancouver,92.9
1999,Whitehorse,93.9
1999,Yellowknife,93.0
1999,Halifax,91.0
1999,Toronto,90.9
1999,Calgary,89.3
1999,Vancouver,92.9
1999,Whitehorse,93.8
1999,Yellowknife,92.8
1999,Halifax,90.9
1999,Toronto,91.5
1999,Calgary,89.5
1999,Vancouver,93.1
1999,Whitehorse,94.5
1999,Yellowknife,93.1
1999,Halifax,91.8
1999,Toronto,91.8
1999,Calgary,89.7
1999,Vancouver,93.7
1999,Whitehorse,94.7
1999,Yellowknife,93.2
1999,Halifax,91.9
1999,Toronto,92.2
1999,Calgary,90.4
1999,Vancouver,93.7
1999,Whitehorse,95.3
1999,Yellowknife,93.7
1999,Halifax,92.0
1999,Toronto,92.1
1999,Calgary,90.6
1999,Vancouver,94.1
1999,Whitehorse,95.3
1999,Yellowknife,93.9
1999,Halifax,92.1
1999,Toronto,92.3
1999,Calgary,90.9
1999,Vancouver,94.4
1999,Whitehorse,95.9
1999,Yellowknife,94.6
1999,Halifax,92.8
1999,Toronto,92.7
1999,Calgary,91.5
1999,Vancouver,94.3
1999,Whitehorse,96.0
1999,Yellowknife,94.6
1999,Halifax,93.2
1999,Toronto,92.9
1999,Calgary,92.0
1999,Vancouver,94.7
1999,Whitehorse,96.2
1999,Yellowknife,94.8
1999,Halifax,93.3
1999,Toronto,93.0
1999,Calgary,92.3
1999,Vancouver,94.4
1999,Whitehorse,95.9
1999,Yellowknife,94.7
1999,Halifax,93.5
1999,Toronto,93.0
1999,Calgary,91.8
1999,Vancouver,94.1
1999,Whitehorse,95.7
1999,Yellowknife,94.2
1999,Halifax,93.4
1999,Toronto,93.3
1999,Calgary,92.2
1999,Vancouver,94.3
1999,Whitehorse,96.0
1999,Yellowknife,94.8
2000,Halifax,93.4
2000,Toronto,93.1
2000,Calgary,91.9
2000,Vancouver,94.1
2000,Whitehorse,95.5
2000,Yellowknife,94.2
2000,Halifax,94.0
2000,Toronto,93.9
2000,Calgary,91.8
2000,Vancouver,94.2
2000,Whitehorse,96.0
2000,Yellowknife,94.5
2000,Halifax,94.5
2000,Toronto,94.5
2000,Calgary,92.7
2000,Vancouver,95.1
2000,Whitehorse,96.3
2000,Yellowknife,94.9
2000,Halifax,94.3
2000,Toronto,94.0
2000,Calgary,92.9
2000,Vancouver,95.2
2000,Whitehorse,96.7
2000,Yellowknife,95.3
2000,Halifax,94.7
2000,Toronto,94.6
2000,Calgary,93.6
2000,Vancouver,95.5
2000,Whitehorse,97.2
2000,Yellowknife,95.6
2000,Halifax,95.2
2000,Toronto,95.3
2000,Calgary,93.9
2000,Vancouver,96.0
2000,Whitehorse,97.8
2000,Yellowknife,95.8
2000,Halifax,95.1
2000,Toronto,95.3
2000,Calgary,94.8
2000,Vancouver,96.9
2000,Whitehorse,98.3
2000,Yellowknife,96.3
2000,Halifax,95.1
2000,Toronto,95.2
2000,Calgary,94.9
2000,Vancouver,96.9
2000,Whitehorse,98.5
2000,Yellowknife,96.2
2000,Halifax,95.8
2000,Toronto,95.6
2000,Calgary,95.7
2000,Vancouver,97.0
2000,Whitehorse,98.5
2000,Yellowknife,96.2
2000,Halifax,96.1
2000,Toronto,95.8
2000,Calgary,95.4
2000,Vancouver,97.1
2000,Whitehorse,97.9
2000,Yellowknife,95.8
2000,Halifax,96.7
2000,Toronto,96.4
2000,Calgary,95.9
2000,Vancouver,97.1
2000,Whitehorse,98.3
2000,Yellowknife,96.2
2000,Halifax,96.4
2000,Toronto,96.4
2000,Calgary,96.0
2000,Vancouver,96.9
2000,Whitehorse,98.4
2000,Yellowknife,96.3
2001,Halifax,96.0
2001,Toronto,96.5
2001,Calgary,93.8
2001,Vancouver,97.2
2001,Whitehorse,98.5
2001,Yellowknife,96.4
2001,Halifax,96.2
2001,Toronto,97.1
2001,Calgary,95.5
2001,Vancouver,96.0
2001,Whitehorse,98.6
2001,Yellowknife,96.4
2001,Halifax,96.4
2001,Toronto,97.7
2001,Calgary,95.4
2001,Vancouver,96.1
2001,Whitehorse,98.6
2001,Yellowknife,96.2
2001,Halifax,97.1
2001,Toronto,98.2
2001,Calgary,95.6
2001,Vancouver,97.5
2001,Whitehorse,98.8
2001,Yellowknife,96.5
2001,Halifax,97.5
2001,Toronto,98.6
2001,Calgary,99.1
2001,Vancouver,98.0
2001,Whitehorse,99.3
2001,Yellowknife,96.9
2001,Halifax,97.6
2001,Toronto,98.4
2001,Calgary,99.4
2001,Vancouver,98.6
2001,Whitehorse,100.1
2001,Yellowknife,97.3
2001,Halifax,97.3
2001,Toronto,98.3
2001,Calgary,97.6
2001,Vancouver,98.7
2001,Whitehorse,100.4
2001,Yellowknife,97.7
2001,Halifax,97.2
2001,Toronto,98.2
2001,Calgary,97.5
2001,Vancouver,98.6
2001,Whitehorse,100.2
2001,Yellowknife,97.8
2001,Halifax,97.7
2001,Toronto,98.4
2001,Calgary,98.1
2001,Vancouver,99.0
2001,Whitehorse,100.7
2001,Yellowknife,98.3
2001,Halifax,97.2
2001,Toronto,98.3
2001,Calgary,97.1
2001,Vancouver,98.2
2001,Whitehorse,99.8
2001,Yellowknife,97.5
2001,Halifax,97.0
2001,Toronto,97.8
2001,Calgary,93.4
2001,Vancouver,97.5
2001,Whitehorse,98.7
2001,Yellowknife,97.3
2001,Halifax,96.8
2001,Toronto,98.0
2001,Calgary,94.5
2001,Vancouver,97.6
2001,Whitehorse,97.9
2001,Yellowknife,97.2
2002,Halifax,96.9
2002,Toronto,97.7
2002,Calgary,96.2
2002,Vancouver,98.0
2002,Whitehorse,97.9
2002,Yellowknife,97.8
2002,Halifax,97.4
2002,Toronto,98.5
2002,Calgary,96.8
2002,Vancouver,98.3
2002,Whitehorse,97.9
2002,Yellowknife,98.2
2002,Halifax,97.9
2002,Toronto,99.6
2002,Calgary,98.0
2002,Vancouver,98.9
2002,Whitehorse,98.1
2002,Yellowknife,98.2
2002,Halifax,99.3
2002,Toronto,99.5
2002,Calgary,99.7
2002,Vancouver,99.8
2002,Whitehorse,99.2
2002,Yellowknife,98.9
2002,Halifax,100.3
2002,Toronto,99.6
2002,Calgary,100.1
2002,Vancouver,100.3
2002,Whitehorse,99.7
2002,Yellowknife,99.7
2002,Halifax,100.3
2002,Toronto,100.0
2002,Calgary,100.4
2002,Vancouver,100.3
2002,Whitehorse,100.1
2002,Yellowknife,99.9
2002,Halifax,100.9
2002,Toronto,100.3
2002,Calgary,100.2
2002,Vancouver,100.5
2002,Whitehorse,101.2
2002,Yellowknife,100.8
2002,Halifax,100.8
2002,Toronto,100.8
2002,Calgary,99.8
2002,Vancouver,100.6
2002,Whitehorse,101.1
2002,Yellowknife,100.9
2002,Halifax,101.1
2002,Toronto,100.4
2002,Calgary,101.6
2002,Vancouver,100.8
2002,Whitehorse,100.9
2002,Yellowknife,101.2
2002,Halifax,101.7
2002,Toronto,101.0
2002,Calgary,101.9
2002,Vancouver,100.8
2002,Whitehorse,101.0
2002,Yellowknife,101.1
2002,Halifax,102.1
2002,Toronto,101.3
2002,Calgary,102.7
2002,Vancouver,100.9
2002,Whitehorse,101.4
2002,Yellowknife,101.3
2002,Halifax,101.4
2002,Toronto,101.3
2002,Calgary,102.5
2002,Vancouver,100.8
2002,Whitehorse,101.5
2002,Yellowknife,102.0
2003,Halifax,102.5
2003,Toronto,102.2
2003,Calgary,102.5
2003,Vancouver,100.9
2003,Whitehorse,101.7
2003,Yellowknife,102.2
2003,Halifax,103.3
2003,Toronto,103.0
2003,Calgary,102.8
2003,Vancouver,101.4
2003,Whitehorse,102.5
2003,Yellowknife,102.5
2003,Halifax,104.0
2003,Toronto,103.1
2003,Calgary,103.9
2003,Vancouver,102.2
2003,Whitehorse,102.6
2003,Yellowknife,102.7
2003,Halifax,103.2
2003,Toronto,102.5
2003,Calgary,104.0
2003,Vancouver,102.0
2003,Whitehorse,102.2
2003,Yellowknife,103.0
2003,Halifax,103.0
2003,Toronto,102.4
2003,Calgary,103.4
2003,Vancouver,101.9
2003,Whitehorse,101.8
2003,Yellowknife,102.7
2003,Halifax,103.0
2003,Toronto,102.6
2003,Calgary,103.9
2003,Vancouver,101.8
2003,Whitehorse,101.9
2003,Yellowknife,102.5
2003,Halifax,103.3
2003,Toronto,102.8
2003,Calgary,103.2
2003,Vancouver,101.9
2003,Whitehorse,102.4
2003,Yellowknife,102.2
2003,Halifax,103.4
2003,Toronto,103.4
2003,Calgary,103.1
2003,Vancouver,102.4
2003,Whitehorse,102.3
2003,Yellowknife,102.0
2003,Halifax,103.4
2003,Toronto,103.5
2003,Calgary,103.8
2003,Vancouver,102.7
2003,Whitehorse,102.2
2003,Yellowknife,101.8
2003,Halifax,103.1
2003,Toronto,103.3
2003,Calgary,103.5
2003,Vancouver,102.2
2003,Whitehorse,101.6
2003,Yellowknife,101.3
2003,Halifax,103.3
2003,Toronto,103.7
2003,Calgary,103.9
2003,Vancouver,102.3
2003,Whitehorse,101.0
2003,Yellowknife,102.0
2003,Halifax,103.1
2003,Toronto,104.0
2003,Calgary,103.9
2003,Vancouver,102.5
2003,Whitehorse,101.1
2003,Yellowknife,103.2
2004,Halifax,103.1
2004,Toronto,103.9
2004,Calgary,104.1
2004,Vancouver,102.2
2004,Whitehorse,101.1
2004,Yellowknife,103.1
2004,Halifax,103.5
2004,Toronto,104.1
2004,Calgary,104.1
2004,Vancouver,102.7
2004,Whitehorse,101.4
2004,Yellowknife,102.8
2004,Halifax,104.2
2004,Toronto,104.3
2004,Calgary,104.4
2004,Vancouver,103.0
2004,Whitehorse,101.9
2004,Yellowknife,103.2
2004,Halifax,104.2
2004,Toronto,104.3
2004,Calgary,104.6
2004,Vancouver,103.7
2004,Whitehorse,102.2
2004,Yellowknife,103.3
2004,Halifax,105.0
2004,Toronto,105.1
2004,Calgary,105.5
2004,Vancouver,104.5
2004,Whitehorse,103.3
2004,Yellowknife,104.0
2004,Halifax,105.3
2004,Toronto,104.9
2004,Calgary,106.4
2004,Vancouver,104.6
2004,Whitehorse,103.6
2004,Yellowknife,104.3
2004,Halifax,105.5
2004,Toronto,104.9
2004,Calgary,105.8
2004,Vancouver,104.5
2004,Whitehorse,103.5
2004,Yellowknife,104.3
2004,Halifax,105.5
2004,Toronto,104.7
2004,Calgary,105.6
2004,Vancouver,104.5
2004,Whitehorse,103.1
2004,Yellowknife,103.7
2004,Halifax,105.6
2004,Toronto,104.9
2004,Calgary,105.6
2004,Vancouver,104.6
2004,Whitehorse,103.4
2004,Yellowknife,103.7
2004,Halifax,105.9
2004,Toronto,104.9
2004,Calgary,105.4
2004,Vancouver,104.7
2004,Whitehorse,103.5
2004,Yellowknife,103.8
2004,Halifax,106.4
2004,Toronto,105.2
2004,Calgary,106.1
2004,Vancouver,104.7
2004,Whitehorse,104.6
2004,Yellowknife,104.7
2004,Halifax,106.0
2004,Toronto,105.1
2004,Calgary,105.8
2004,Vancouver,104.7
2004,Whitehorse,104.0
2004,Yellowknife,105.0
2005,Halifax,105.7
2005,Toronto,105.0
2005,Calgary,105.3
2005,Vancouver,104.8
2005,Whitehorse,103.1
2005,Yellowknife,104.6
2005,Halifax,105.9
2005,Toronto,105.6
2005,Calgary,105.5
2005,Vancouver,104.9
2005,Whitehorse,103.3
2005,Yellowknife,104.8
2005,Halifax,106.6
2005,Toronto,106.4
2005,Calgary,106.0
2005,Vancouver,105.2
2005,Whitehorse,103.9
2005,Yellowknife,104.9
2005,Halifax,107.0
2005,Toronto,106.3
2005,Calgary,106.9
2005,Vancouver,105.7
2005,Whitehorse,104.4
2005,Yellowknife,105.2
2005,Halifax,107.2
2005,Toronto,106.5
2005,Calgary,106.8
2005,Vancouver,106.0
2005,Whitehorse,104.9
2005,Yellowknife,106.1
2005,Halifax,107.1
2005,Toronto,106.5
2005,Calgary,107.3
2005,Vancouver,106.1
2005,Whitehorse,105.3
2005,Yellowknife,106.4
2005,Halifax,107.4
2005,Toronto,106.6
2005,Calgary,108.0
2005,Vancouver,106.5
2005,Whitehorse,105.4
2005,Yellowknife,106.4
2005,Halifax,108.2
2005,Toronto,107.2
2005,Calgary,108.0
2005,Vancouver,106.5
2005,Whitehorse,105.7
2005,Yellowknife,106.3
2005,Halifax,109.6
2005,Toronto,107.7
2005,Calgary,109.1
2005,Vancouver,106.8
2005,Whitehorse,106.8
2005,Yellowknife,107.0
2005,Halifax,109.1
2005,Toronto,107.4
2005,Calgary,108.9
2005,Vancouver,106.7
2005,Whitehorse,106.8
2005,Yellowknife,107.5
2005,Halifax,108.5
2005,Toronto,107.2
2005,Calgary,108.8
2005,Vancouver,106.6
2005,Whitehorse,107.1
2005,Yellowknife,107.8
2005,Halifax,108.6
2005,Toronto,107.4
2005,Calgary,108.5
2005,Vancouver,106.3
2005,Whitehorse,106.3
2005,Yellowknife,107.8
2006,Halifax,108.6
2006,Toronto,107.9
2006,Calgary,109.9
2006,Vancouver,106.2
2006,Whitehorse,106.4
2006,Yellowknife,107.4
2006,Halifax,108.3
2006,Toronto,107.6
2006,Calgary,108.9
2006,Vancouver,106.3
2006,Whitehorse,105.9
2006,Yellowknife,107.3
2006,Halifax,108.9
2006,Toronto,108.5
2006,Calgary,109.5
2006,Vancouver,106.9
2006,Whitehorse,105.9
2006,Yellowknife,107.0
2006,Halifax,110.2
2006,Toronto,108.7
2006,Calgary,110.9
2006,Vancouver,107.5
2006,Whitehorse,106.9
2006,Yellowknife,107.9
2006,Halifax,110.5
2006,Toronto,109.0
2006,Calgary,112.0
2006,Vancouver,108.4
2006,Whitehorse,107.5
2006,Yellowknife,108.0
2006,Halifax,110.3
2006,Toronto,108.9
2006,Calgary,111.7
2006,Vancouver,108.4
2006,Whitehorse,107.9
2006,Yellowknife,107.7
2006,Halifax,110.5
2006,Toronto,108.5
2006,Calgary,113.6
2006,Vancouver,108.5
2006,Whitehorse,107.5
2006,Yellowknife,107.8
2006,Halifax,110.7
2006,Toronto,108.5
2006,Calgary,114.4
2006,Vancouver,108.7
2006,Whitehorse,107.7
2006,Yellowknife,108.0
2006,Halifax,110.0
2006,Toronto,108.1
2006,Calgary,114.7
2006,Vancouver,108.4
2006,Whitehorse,107.2
2006,Yellowknife,107.8
2006,Halifax,109.7
2006,Toronto,108.0
2006,Calgary,113.5
2006,Vancouver,108.4
2006,Whitehorse,106.3
2006,Yellowknife,107.1
2006,Halifax,110.0
2006,Toronto,108.3
2006,Calgary,114.2
2006,Vancouver,108.9
2006,Whitehorse,106.3
2006,Yellowknife,107.6
2006,Halifax,109.7
2006,Toronto,108.5
2006,Calgary,114.7
2006,Vancouver,109.1
2006,Whitehorse,106.3
2006,Yellowknife,108.4
2007,Halifax,109.7
2007,Toronto,108.2
2007,Calgary,115.0
2007,Vancouver,109.0
2007,Whitehorse,107.0
2007,Yellowknife,108.9
2007,Halifax,110.6
2007,Toronto,109.3
2007,Calgary,115.6
2007,Vancouver,109.3
2007,Whitehorse,107.3
2007,Yellowknife,109.1
2007,Halifax,111.4
2007,Toronto,110.3
2007,Calgary,116.7
2007,Vancouver,109.6
2007,Whitehorse,108.0
2007,Yellowknife,109.8
2007,Halifax,111.9
2007,Toronto,110.8
2007,Calgary,117.6
2007,Vancouver,110.0
2007,Whitehorse,108.7
2007,Yellowknife,110.4
2007,Halifax,112.5
2007,Toronto,111.2
2007,Calgary,117.6
2007,Vancouver,110.6
2007,Whitehorse,109.5
2007,Yellowknife,111.3
2007,Halifax,112.5
2007,Toronto,110.7
2007,Calgary,118.6
2007,Vancouver,110.5
2007,Whitehorse,109.7
2007,Yellowknife,111.6
2007,Halifax,112.4
2007,Toronto,110.7
2007,Calgary,119.1
2007,Vancouver,110.7
2007,Whitehorse,110.7
2007,Yellowknife,111.5
2007,Halifax,112.2
2007,Toronto,110.6
2007,Calgary,119.3
2007,Vancouver,110.6
2007,Whitehorse,110.5
2007,Yellowknife,111.1
2007,Halifax,112.6
2007,Toronto,110.8
2007,Calgary,119.3
2007,Vancouver,110.7
2007,Whitehorse,110.8
2007,Yellowknife,111.6
2007,Halifax,112.3
2007,Toronto,110.7
2007,Calgary,118.7
2007,Vancouver,110.4
2007,Whitehorse,110.4
2007,Yellowknife,111.1
2007,Halifax,113.1
2007,Toronto,111.0
2007,Calgary,119.1
2007,Vancouver,110.4
2007,Whitehorse,110.7
2007,Yellowknife,110.9
2007,Halifax,113.1
2007,Toronto,111.1
2007,Calgary,119.0
2007,Vancouver,110.5
2007,Whitehorse,110.6
2007,Yellowknife,111.9
2008,Halifax,112.9
2008,Toronto,110.7
2008,Calgary,118.9
2008,Vancouver,110.2
2008,Whitehorse,110.4
2008,Yellowknife,111.3
2008,Halifax,113.4
2008,Toronto,111.3
2008,Calgary,119.1
2008,Vancouver,110.7
2008,Whitehorse,110.1
2008,Yellowknife,112.3
2008,Halifax,113.9
2008,Toronto,111.5
2008,Calgary,120.0
2008,Vancouver,111.2
2008,Whitehorse,111.0
2008,Yellowknife,113.3
2008,Halifax,114.8
2008,Toronto,112.2
2008,Calgary,121.2
2008,Vancouver,112.1
2008,Whitehorse,111.8
2008,Yellowknife,114.9
2008,Halifax,116.2
2008,Toronto,113.3
2008,Calgary,122.3
2008,Vancouver,113.2
2008,Whitehorse,113.6
2008,Yellowknife,115.7
2008,Halifax,116.9
2008,Toronto,113.8
2008,Calgary,123.9
2008,Vancouver,113.9
2008,Whitehorse,114.6
2008,Yellowknife,116.6
2008,Halifax,116.9
2008,Toronto,114.9
2008,Calgary,123.0
2008,Vancouver,114.7
2008,Whitehorse,115.3
2008,Yellowknife,116.6
2008,Halifax,116.9
2008,Toronto,114.7
2008,Calgary,124.4
2008,Vancouver,114.5
2008,Whitehorse,115.4
2008,Yellowknife,116.9
2008,Halifax,116.8
2008,Toronto,114.9
2008,Calgary,123.1
2008,Vancouver,114.6
2008,Whitehorse,114.8
2008,Yellowknife,117.2
2008,Halifax,115.8
2008,Toronto,113.7
2008,Calgary,121.8
2008,Vancouver,113.4
2008,Whitehorse,114.9
2008,Yellowknife,116.3
2008,Halifax,114.5
2008,Toronto,113.5
2008,Calgary,122.0
2008,Vancouver,112.9
2008,Whitehorse,114.6
2008,Yellowknife,116.1
2008,Halifax,113.0
2008,Toronto,113.0
2008,Calgary,121.8
2008,Vancouver,111.9
2008,Whitehorse,113.9
2008,Yellowknife,115.4
2009,Halifax,113.1
2009,Toronto,112.5
2009,Calgary,120.7
2009,Vancouver,112.0
2009,Whitehorse,113.0
2009,Yellowknife,114.3
2009,Halifax,113.9
2009,Toronto,113.2
2009,Calgary,121.9
2009,Vancouver,112.5
2009,Whitehorse,113.7
2009,Yellowknife,114.5
2009,Halifax,114.1
2009,Toronto,113.8
2009,Calgary,121.3
2009,Vancouver,112.6
2009,Whitehorse,113.6
2009,Yellowknife,114.3
2009,Halifax,114.7
2009,Toronto,113.1
2009,Calgary,120.8
2009,Vancouver,112.6
2009,Whitehorse,113.4
2009,Yellowknife,115.3
2009,Halifax,115.3
2009,Toronto,113.9
2009,Calgary,121.5
2009,Vancouver,113.3
2009,Whitehorse,114.0
2009,Yellowknife,116.0
2009,Halifax,116.0
2009,Toronto,114.0
2009,Calgary,122.1
2009,Vancouver,113.3
2009,Whitehorse,114.9
2009,Yellowknife,116.9
2009,Halifax,116.1
2009,Toronto,113.6
2009,Calgary,121.6
2009,Vancouver,112.9
2009,Whitehorse,114.4
2009,Yellowknife,116.5
2009,Halifax,116.2
2009,Toronto,113.6
2009,Calgary,122.1
2009,Vancouver,113.6
2009,Whitehorse,114.2
2009,Yellowknife,116.3
2009,Halifax,116.3
2009,Toronto,113.7
2009,Calgary,121.6
2009,Vancouver,113.5
2009,Whitehorse,113.7
2009,Yellowknife,116.4
2009,Halifax,115.4
2009,Toronto,114.0
2009,Calgary,121.9
2009,Vancouver,112.7
2009,Whitehorse,113.4
2009,Yellowknife,116.3
2009,Halifax,116.5
2009,Toronto,114.4
2009,Calgary,122.7
2009,Vancouver,113.1
2009,Whitehorse,113.9
2009,Yellowknife,116.7
2009,Halifax,115.8
2009,Toronto,113.9
2009,Calgary,122.1
2009,Vancouver,112.7
2009,Whitehorse,113.4
2009,Yellowknife,116.8
2010,Halifax,116.3
2010,Toronto,114.5
2010,Calgary,122.4
2010,Vancouver,113.1
2010,Whitehorse,113.9
2010,Yellowknife,116.8
2010,Halifax,116.3
2010,Toronto,115.1
2010,Calgary,122.8
2010,Vancouver,113.9
2010,Whitehorse,114.4
2010,Yellowknife,117.4
2010,Halifax,117.0
2010,Toronto,115.3
2010,Calgary,122.3
2010,Vancouver,113.6
2010,Whitehorse,113.4
2010,Yellowknife,116.9
2010,Halifax,117.3
2010,Toronto,115.8
2010,Calgary,122.4
2010,Vancouver,114.2
2010,Whitehorse,113.6
2010,Yellowknife,117.2
2010,Halifax,117.1
2010,Toronto,116.3
2010,Calgary,122.8
2010,Vancouver,114.6
2010,Whitehorse,114.3
2010,Yellowknife,117.8
2010,Halifax,116.7
2010,Toronto,116.1
2010,Calgary,122.9
2010,Vancouver,114.5
2010,Whitehorse,115.1
2010,Yellowknife,118.4
2010,Halifax,118.0
2010,Toronto,117.1
2010,Calgary,123.3
2010,Vancouver,115.7
2010,Whitehorse,115.1
2010,Yellowknife,118.0
2010,Halifax,118.1
2010,Toronto,117.1
2010,Calgary,122.7
2010,Vancouver,115.7
2010,Whitehorse,115.1
2010,Yellowknife,118.0
2010,Halifax,118.3
2010,Toronto,117.3
2010,Calgary,122.6
2010,Vancouver,115.6
2010,Whitehorse,115.1
2010,Yellowknife,118.1
2010,Halifax,118.6
2010,Toronto,117.7
2010,Calgary,122.9
2010,Vancouver,116.1
2010,Whitehorse,115.5
2010,Yellowknife,118.4
2010,Halifax,118.9
2010,Toronto,117.8
2010,Calgary,122.7
2010,Vancouver,116.0
2010,Whitehorse,115.7
2010,Yellowknife,119.1
2010,Halifax,118.6
2010,Toronto,117.6
2010,Calgary,122.8
2010,Vancouver,115.5
2010,Whitehorse,115.6
2010,Yellowknife,119.2
2011,Halifax,119.5
2011,Toronto,117.5
2011,Calgary,123.3
2011,Vancouver,115.8
2011,Whitehorse,115.9
2011,Yellowknife,119.3
2011,Halifax,120.0
2011,Toronto,117.9
2011,Calgary,124.2
2011,Vancouver,116.0
2011,Whitehorse,115.9
2011,Yellowknife,119.2
2011,Halifax,121.3
2011,Toronto,119.4
2011,Calgary,124.3
2011,Vancouver,117.0
2011,Whitehorse,117.0
2011,Yellowknife,120.5
2011,Halifax,121.9
2011,Toronto,119.8
2011,Calgary,125.6
2011,Vancouver,117.2
2011,Whitehorse,117.3
2011,Yellowknife,120.9
2011,Halifax,122.1
2011,Toronto,120.8
2011,Calgary,125.8
2011,Vancouver,118.0
2011,Whitehorse,118.4
2011,Yellowknife,121.6
2011,Halifax,121.5
2011,Toronto,120.2
2011,Calgary,124.9
2011,Vancouver,117.5
2011,Whitehorse,118.6
2011,Yellowknife,121.6
2011,Halifax,121.8
2011,Toronto,120.4
2011,Calgary,125.5
2011,Vancouver,117.5
2011,Whitehorse,118.7
2011,Yellowknife,122.0
2011,Halifax,122.2
2011,Toronto,120.5
2011,Calgary,125.9
2011,Vancouver,117.7
2011,Whitehorse,118.6
2011,Yellowknife,122.0
2011,Halifax,122.8
2011,Toronto,121.2
2011,Calgary,125.7
2011,Vancouver,118.3
2011,Whitehorse,119.0
2011,Yellowknife,122.3
2011,Halifax,122.9
2011,Toronto,121.1
2011,Calgary,126.9
2011,Vancouver,118.5
2011,Whitehorse,119.1
2011,Yellowknife,122.6
2011,Halifax,122.9
2011,Toronto,120.9
2011,Calgary,126.3
2011,Vancouver,118.7
2011,Whitehorse,119.4
2011,Yellowknife,123.4
2011,Halifax,121.6
2011,Toronto,120.2
2011,Calgary,126.2
2011,Vancouver,117.7
2011,Whitehorse,118.8
2011,Yellowknife,123.4
2012,Halifax,122.4
2012,Toronto,120.7
2012,Calgary,126.7
2012,Vancouver,117.9
2012,Whitehorse,118.8
2012,Yellowknife,124.1
2012,Halifax,123.0
2012,Toronto,121.5
2012,Calgary,126.3
2012,Vancouver,118.4
2012,Whitehorse,119.0
2012,Yellowknife,123.1
2012,Halifax,124.0
2012,Toronto,122.0
2012,Calgary,126.3
2012,Vancouver,119.1
2012,Whitehorse,120.1
2012,Yellowknife,123.6
2012,Halifax,124.8
2012,Toronto,122.4
2012,Calgary,126.7
2012,Vancouver,119.4
2012,Whitehorse,120.7
2012,Yellowknife,125.1
2012,Halifax,124.2
2012,Toronto,122.4
2012,Calgary,126.2
2012,Vancouver,119.8
2012,Whitehorse,121.5
2012,Yellowknife,124.9
2012,Halifax,123.5
2012,Toronto,121.7
2012,Calgary,126.5
2012,Vancouver,119.5
2012,Whitehorse,121.3
2012,Yellowknife,124.5
2012,Halifax,123.3
2012,Toronto,121.6
2012,Calgary,126.4
2012,Vancouver,119.2
2012,Whitehorse,121.4
2012,Yellowknife,124.3
2012,Halifax,123.8
2012,Toronto,121.8
2012,Calgary,127.2
2012,Vancouver,119.4
2012,Whitehorse,121.5
2012,Yellowknife,124.3
2012,Halifax,124.5
2012,Toronto,122.1
2012,Calgary,127.5
2012,Vancouver,119.3
2012,Whitehorse,121.4
2012,Yellowknife,123.9
2012,Halifax,124.4
2012,Toronto,122.3
2012,Calgary,127.5
2012,Vancouver,119.3
2012,Whitehorse,121.6
2012,Yellowknife,124.4
2012,Halifax,124.3
2012,Toronto,122.0
2012,Calgary,126.9
2012,Vancouver,118.9
2012,Whitehorse,121.6
2012,Yellowknife,124.9
2012,Halifax,123.7
2012,Toronto,121.4
2012,Calgary,126.0
2012,Vancouver,118.3
2012,Whitehorse,121.1
2012,Yellowknife,124.8
2013,Halifax,124.1
2013,Toronto,121.5
2013,Calgary,126.3
2013,Vancouver,118.5
2013,Whitehorse,120.8
2013,Yellowknife,125.1
2013,Halifax,125.2
2013,Toronto,122.9
2013,Calgary,127.5
2013,Vancouver,119.8
2013,Whitehorse,121.2
2013,Yellowknife,125.4
2013,Halifax,125.3
2013,Toronto,123.3
2013,Calgary,127.9
2013,Vancouver,120.0
2013,Whitehorse,121.5
2013,Yellowknife,125.6
2013,Halifax,125.4
2013,Toronto,123.1
2013,Calgary,128.5
2013,Vancouver,118.5
2013,Whitehorse,121.6
2013,Yellowknife,126.0
2013,Halifax,125.1
2013,Toronto,123.2
2013,Calgary,129.3
2013,Vancouver,119.3
2013,Whitehorse,122.6
2013,Yellowknife,126.1
2013,Halifax,125.0
2013,Toronto,123.4
2013,Calgary,129.7
2013,Vancouver,119.0
2013,Whitehorse,124.1
2013,Yellowknife,126.5
2013,Halifax,125.1
2013,Toronto,123.6
2013,Calgary,129.6
2013,Vancouver,119.3
2013,Whitehorse,124.0
2013,Yellowknife,126.5
2013,Halifax,125.2
2013,Toronto,123.7
2013,Calgary,129.3
2013,Vancouver,119.5
2013,Whitehorse,124.1
2013,Yellowknife,126.6
2013,Halifax,126.0
2013,Toronto,123.8
2013,Calgary,129.5
2013,Vancouver,119.6
2013,Whitehorse,124.0
2013,Yellowknife,126.4
2013,Halifax,125.4
2013,Toronto,123.7
2013,Calgary,129.4
2013,Vancouver,119.3
2013,Whitehorse,123.6
2013,Yellowknife,126.4
2013,Halifax,125.5
2013,Toronto,123.6
2013,Calgary,129.6
2013,Vancouver,119.0
2013,Whitehorse,123.0
2013,Yellowknife,126.6
2013,Halifax,125.4
2013,Toronto,123.4
2013,Calgary,129.3
2013,Vancouver,118.5
2013,Whitehorse,123.2
2013,Yellowknife,126.6
2014,Halifax,126.0
2014,Toronto,123.7
2014,Calgary,130.2
2014,Vancouver,118.7
2014,Whitehorse,123.4
2014,Yellowknife,127.0
2014,Halifax,127.0
2014,Toronto,125.0
2014,Calgary,131.2
2014,Vancouver,119.5
2014,Whitehorse,124.0
2014,Yellowknife,127.9
2014,Halifax,127.6
2014,Toronto,125.5
2014,Calgary,133.8
2014,Vancouver,120.3
2014,Whitehorse,124.3
2014,Yellowknife,128.0
2014,Halifax,127.7
2014,Toronto,126.4
2014,Calgary,132.6
2014,Vancouver,120.7
2014,Whitehorse,124.4
2014,Yellowknife,127.7
2014,Halifax,128.2
2014,Toronto,127.0
2014,Calgary,133.5
2014,Vancouver,121.2
2014,Whitehorse,125.1
2014,Yellowknife,128.7
2014,Halifax,127.7
2014,Toronto,127.4
2014,Calgary,132.8
2014,Vancouver,121.4
2014,Whitehorse,125.3
2014,Yellowknife,128.8
2014,Halifax,127.5
2014,Toronto,126.9
2014,Calgary,133.4
2014,Vancouver,121.2
2014,Whitehorse,125.2
2014,Yellowknife,128.7
2014,Halifax,127.7
2014,Toronto,126.9
2014,Calgary,133.4
2014,Vancouver,121.2
2014,Whitehorse,125.1
2014,Yellowknife,129.0
2014,Halifax,128.2
2014,Toronto,127.2
2014,Calgary,133.6
2014,Vancouver,121.2
2014,Whitehorse,124.9
2014,Yellowknife,128.7
2014,Halifax,128.2
2014,Toronto,127.4
2014,Calgary,133.7
2014,Vancouver,120.6
2014,Whitehorse,124.3
2014,Yellowknife,129.0
2014,Halifax,127.4
2014,Toronto,126.9
2014,Calgary,132.6
2014,Vancouver,120.5
2014,Whitehorse,123.9
2014,Yellowknife,129.0
2014,Halifax,126.2
2014,Toronto,126.2
2014,Calgary,132.1
2014,Vancouver,119.6
2014,Whitehorse,123.1
2014,Yellowknife,128.7
2015,Halifax,125.8
2015,Toronto,126.3
2015,Calgary,131.7
2015,Vancouver,119.7
2015,Whitehorse,121.8
2015,Yellowknife,128.1
2015,Halifax,126.9
2015,Toronto,127.2
2015,Calgary,132.6
2015,Vancouver,120.6
2015,Whitehorse,122.1
2015,Yellowknife,128.4
2015,Halifax,128.4
2015,Toronto,127.9
2015,Calgary,133.6
2015,Vancouver,121.5
2015,Whitehorse,123.0
2015,Yellowknife,129.4
2015,Halifax,128.3
2015,Toronto,127.7
2015,Calgary,133.6
2015,Vancouver,121.3
2015,Whitehorse,123.5
2015,Yellowknife,129.8
2015,Halifax,128.9
2015,Toronto,128.5
2015,Calgary,134.1
2015,Vancouver,122.4
2015,Whitehorse,124.4
2015,Yellowknife,130.6
2015,Halifax,128.9
2015,Toronto,128.8
2015,Calgary,135.0
2015,Vancouver,122.4
2015,Whitehorse,125.1
2015,Yellowknife,131.4
2015,Halifax,128.9
2015,Toronto,129.2
2015,Calgary,135.1
2015,Vancouver,122.5
2015,Whitehorse,125.4
2015,Yellowknife,131.3
2015,Halifax,128.8
2015,Toronto,128.7
2015,Calgary,135.5
2015,Vancouver,122.7
2015,Whitehorse,126.0
2015,Yellowknife,131.6
2015,Halifax,128.4
2015,Toronto,129.0
2015,Calgary,135.1
2015,Vancouver,122.7
2015,Whitehorse,125.6
2015,Yellowknife,131.2
2015,Halifax,128.8
2015,Toronto,129.0
2015,Calgary,135.7
2015,Vancouver,122.4
2015,Whitehorse,124.5
2015,Yellowknife,131.6
2015,Halifax,128.1
2015,Toronto,129.1
2015,Calgary,135.3
2015,Vancouver,122.7
2015,Whitehorse,124.0
2015,Yellowknife,131.0
2015,Halifax,127.7
2015,Toronto,128.7
2015,Calgary,134.1
2015,Vancouver,122.4
2015,Whitehorse,124.1
2015,Yellowknife,130.6
2016,Halifax,128.2
2016,Toronto,129.0
2016,Calgary,134.3
2016,Vancouver,122.7
2016,Whitehorse,124.1
2016,Yellowknife,130.7
2016,Halifax,128.4
2016,Toronto,129.4
2016,Calgary,134.4
2016,Vancouver,122.8
2016,Whitehorse,123.7
2016,Yellowknife,131.0
2016,Halifax,129.0
2016,Toronto,130.3
2016,Calgary,135.5
2016,Vancouver,124.0
2016,Whitehorse,124.2
2016,Yellowknife,131.6
2016,Halifax,129.9
2016,Toronto,130.7
2016,Calgary,135.5
2016,Vancouver,124.0
2016,Whitehorse,124.4
2016,Yellowknife,131.9
2016,Halifax,130.5
2016,Toronto,131.2
2016,Calgary,135.9
2016,Vancouver,124.9
2016,Whitehorse,125.2
2016,Yellowknife,131.9
2016,Halifax,130.6
2016,Toronto,131.5
2016,Calgary,136.6
2016,Vancouver,125.3
2016,Whitehorse,126.6
2016,Yellowknife,132.6
2016,Halifax,130.1
2016,Toronto,131.4
2016,Calgary,135.9
2016,Vancouver,125.7
2016,Whitehorse,126.4
2016,Yellowknife,132.4
2016,Halifax,130.1
2016,Toronto,131.1
2016,Calgary,136.3
2016,Vancouver,125.6
2016,Whitehorse,126.4
2016,Yellowknife,132.1
2016,Halifax,130.6
2016,Toronto,131.7
2016,Calgary,135.7
2016,Vancouver,125.4
2016,Whitehorse,125.9
2016,Yellowknife,131.8
2016,Halifax,130.5
2016,Toronto,132.0
2016,Calgary,136.3
2016,Vancouver,125.4
2016,Whitehorse,126.1
2016,Yellowknife,132.7
2016,Halifax,129.8
2016,Toronto,131.7
2016,Calgary,135.4
2016,Vancouver,124.6
2016,Whitehorse,126.1
2016,Yellowknife,132.5
2016,Halifax,129.5
2016,Toronto,131.5
2016,Calgary,135.3
2016,Vancouver,124.7
2016,Whitehorse,126.1
2016,Yellowknife,131.9
